CertificationID,Certification Body,Certification Address,Certification Contact
0,Japan Coffee Exchange,"〒413-0002 静岡県熱海市伊豆山１１７３−５８ 1173-58 Izusan, Atami, Shizuoka, 413-0002 JAPAN",松澤　宏樹　Koju Matsuzawa - +81(0)9085642901
1,Taiwan Coffee Laboratory 台灣咖啡研究室,"QAHWAH CO., LTD 4F, No. 225, Sec. 3, Beixin Rd., Xindian Dist. New Taipei City, Taiwan","Lin, Jen-An Neil 林仁安 - 886-289116612"
2,Taiwan Coffee Laboratory 台灣咖啡研究室,"QAHWAH CO., LTD 4F, No. 225, Sec. 3, Beixin Rd., Xindian Dist. New Taipei City, Taiwan","Lin, Jen-An Neil 林仁安 - 886-289116612"
3,Japan Coffee Exchange,"〒413-0002 静岡県熱海市伊豆山１１７３−５８ 1173-58 Izusan, Atami, Shizuoka, 413-0002 JAPAN",松澤　宏樹　Koju Matsuzawa - +81(0)9085642901
4,Japan Coffee Exchange,"〒413-0002 静岡県熱海市伊豆山１１７３−５８ 1173-58 Izusan, Atami, Shizuoka, 413-0002 JAPAN",松澤　宏樹　Koju Matsuzawa - +81(0)9085642901
5,Taiwan Coffee Laboratory 台灣咖啡研究室,"QAHWAH CO., LTD 4F, No. 225, Sec. 3, Beixin Rd., Xindian Dist. New Taipei City, Taiwan","Lin, Jen-An Neil 林仁安 - 886-289116612"
6,Taiwan Coffee Laboratory 台灣咖啡研究室,"QAHWAH CO., LTD 4F, No. 225, Sec. 3, Beixin Rd., Xindian Dist. New Taipei City, Taiwan","Lin, Jen-An Neil 林仁安 - 886-289116612"
7,Taiwan Coffee Laboratory 台灣咖啡研究室,"QAHWAH CO., LTD 4F, No. 225, Sec. 3, Beixin Rd., Xindian Dist. New Taipei City, Taiwan","Lin, Jen-An Neil 林仁安 - 886-289116612"
8,Taiwan Coffee Laboratory 台灣咖啡研究室,"QAHWAH CO., LTD 4F, No. 225, Sec. 3, Beixin Rd., Xindian Dist. New Taipei City, Taiwan","Lin, Jen-An Neil 林仁安 - 886-289116612"
9,Kenya Coffee Traders Association,"P.O. Box 646 00100Nairobi, Kenya, Denniss Pritt Road, Opposite St Georges Girls Secondary School",Benson Kibicho Kamau - +254 786 821 621
10,Japan Coffee Exchange,"〒413-0002 静岡県熱海市伊豆山１１７３−５８ 1173-58 Izusan, Atami, Shizuoka, 413-0002 JAPAN",松澤　宏樹　Koju Matsuzawa - +81(0)9085642901
11,Taiwan Coffee Laboratory 台灣咖啡研究室,"QAHWAH CO., LTD 4F, No. 225, Sec. 3, Beixin Rd., Xindian Dist. New Taipei City, Taiwan","Lin, Jen-An Neil 林仁安 - 886-289116612"
12,Taiwan Coffee Laboratory 台灣咖啡研究室,"QAHWAH CO., LTD 4F, No. 225, Sec. 3, Beixin Rd., Xindian Dist. New Taipei City, Taiwan","Lin, Jen-An Neil 林仁安 - 886-289116612"
13,METAD Agricultural Development plc,"BAWA Center, 3rd Floor (Gerji), Addis Ababa, Ethiopia","Aman Adinew (Emebet Dinku) - +251-116-292534, +251-911-519196"
14,Taiwan Coffee Laboratory 台灣咖啡研究室,"QAHWAH CO., LTD 4F, No. 225, Sec. 3, Beixin Rd., Xindian Dist. New Taipei City, Taiwan","Lin, Jen-An Neil 林仁安 - 886-289116612"
15,Taiwan Coffee Laboratory 台灣咖啡研究室,"QAHWAH CO., LTD 4F, No. 225, Sec. 3, Beixin Rd., Xindian Dist. New Taipei City, Taiwan","Lin, Jen-An Neil 林仁安 - 886-289116612"
16,Japan Coffee Exchange,"〒413-0002 静岡県熱海市伊豆山１１７３−５８ 1173-58 Izusan, Atami, Shizuoka, 413-0002 JAPAN",松澤　宏樹　Koju Matsuzawa - +81(0)9085642901
17,Blossom Valley International宸嶧國際,No.72 Mo-Fan St. Taiwan Zip: 403,Damon Chen陳嘉峻 - +886423022323
18,Blossom Valley International宸嶧國際,No.72 Mo-Fan St. Taiwan Zip: 403,Damon Chen陳嘉峻 - +886423022323
19,Kenya Coffee Traders Association,"P.O. Box 646 00100Nairobi, Kenya, Denniss Pritt Road, Opposite St Georges Girls Secondary School",Benson Kibicho Kamau - +254 786 821 621
20,Taiwan Coffee Laboratory 台灣咖啡研究室,"QAHWAH CO., LTD 4F, No. 225, Sec. 3, Beixin Rd., Xindian Dist. New Taipei City, Taiwan","Lin, Jen-An Neil 林仁安 - 886-289116612"
21,Taiwan Coffee Laboratory 台灣咖啡研究室,"QAHWAH CO., LTD 4F, No. 225, Sec. 3, Beixin Rd., Xindian Dist. New Taipei City, Taiwan","Lin, Jen-An Neil 林仁安 - 886-289116612"
22,FABB Academy of Coffee,"FABB ACADEMY OF COFFEE 259/313 SUKHUMVIT 71 RD., SOI PRIDI BANOMYONG 15, VHADANA BKK, 10110 THAILAND",Janejira Kamonsawedkun - +(66) 095 095 9593
23,Japan Coffee Exchange,"〒413-0002 静岡県熱海市伊豆山１１７３−５８ 1173-58 Izusan, Atami, Shizuoka, 413-0002 JAPAN",松澤　宏樹　Koju Matsuzawa - +81(0)9085642901
24,Taiwan Coffee Laboratory 台灣咖啡研究室,"QAHWAH CO., LTD 4F, No. 225, Sec. 3, Beixin Rd., Xindian Dist. New Taipei City, Taiwan","Lin, Jen-An Neil 林仁安 - 886-289116612"
25,Brazil Specialty Coffee Association,"Rua Gaspar Batista Paiva, 416 – Santa Luiza Varginha/MG – Brazil",Chris Allen - 55 35 3212-4705
26,Taiwan Coffee Laboratory 台灣咖啡研究室,"QAHWAH CO., LTD 4F, No. 225, Sec. 3, Beixin Rd., Xindian Dist. New Taipei City, Taiwan","Lin, Jen-An Neil 林仁安 - 886-289116612"
27,Taiwan Coffee Laboratory 台灣咖啡研究室,"QAHWAH CO., LTD 4F, No. 225, Sec. 3, Beixin Rd., Xindian Dist. New Taipei City, Taiwan","Lin, Jen-An Neil 林仁安 - 886-289116612"
28,Taiwan Coffee Laboratory 台灣咖啡研究室,"QAHWAH CO., LTD 4F, No. 225, Sec. 3, Beixin Rd., Xindian Dist. New Taipei City, Taiwan","Lin, Jen-An Neil 林仁安 - 886-289116612"
29,Taiwan Coffee Laboratory 台灣咖啡研究室,"QAHWAH CO., LTD 4F, No. 225, Sec. 3, Beixin Rd., Xindian Dist. New Taipei City, Taiwan","Lin, Jen-An Neil 林仁安 - 886-289116612"
30,Taiwan Coffee Laboratory 台灣咖啡研究室,"QAHWAH CO., LTD 4F, No. 225, Sec. 3, Beixin Rd., Xindian Dist. New Taipei City, Taiwan","Lin, Jen-An Neil 林仁安 - 886-289116612"
31,Taiwan Coffee Laboratory 台灣咖啡研究室,"QAHWAH CO., LTD 4F, No. 225, Sec. 3, Beixin Rd., Xindian Dist. New Taipei City, Taiwan","Lin, Jen-An Neil 林仁安 - 886-289116612"
32,Taiwan Coffee Laboratory 台灣咖啡研究室,"QAHWAH CO., LTD 4F, No. 225, Sec. 3, Beixin Rd., Xindian Dist. New Taipei City, Taiwan","Lin, Jen-An Neil 林仁安 - 886-289116612"
33,METAD Agricultural Development plc,"BAWA Center, 3rd Floor (Gerji), Addis Ababa, Ethiopia","Aman Adinew (Emebet Dinku) - +251-116-292534, +251-911-519196"
34,METAD Agricultural Development plc,"BAWA Center, 3rd Floor (Gerji), Addis Ababa, Ethiopia","Aman Adinew (Emebet Dinku) - +251-116-292534, +251-911-519196"
35,METAD Agricultural Development plc,"BAWA Center, 3rd Floor (Gerji), Addis Ababa, Ethiopia","Aman Adinew (Emebet Dinku) - +251-116-292534, +251-911-519196"
36,Taiwan Coffee Laboratory 台灣咖啡研究室,"QAHWAH CO., LTD 4F, No. 225, Sec. 3, Beixin Rd., Xindian Dist. New Taipei City, Taiwan","Lin, Jen-An Neil 林仁安 - 886-289116612"
37,Taiwan Coffee Laboratory 台灣咖啡研究室,"QAHWAH CO., LTD 4F, No. 225, Sec. 3, Beixin Rd., Xindian Dist. New Taipei City, Taiwan","Lin, Jen-An Neil 林仁安 - 886-289116612"
38,Kenya Coffee Traders Association,"P.O. Box 646 00100Nairobi, Kenya, Denniss Pritt Road, Opposite St Georges Girls Secondary School",Benson Kibicho Kamau - +254 786 821 621
39,Blossom Valley International宸嶧國際,No.72 Mo-Fan St. Taiwan Zip: 403,Damon Chen陳嘉峻 - +886423022323
40,Taiwan Coffee Laboratory 台灣咖啡研究室,"QAHWAH CO., LTD 4F, No. 225, Sec. 3, Beixin Rd., Xindian Dist. New Taipei City, Taiwan","Lin, Jen-An Neil 林仁安 - 886-289116612"
41,Taiwan Coffee Laboratory 台灣咖啡研究室,"QAHWAH CO., LTD 4F, No. 225, Sec. 3, Beixin Rd., Xindian Dist. New Taipei City, Taiwan","Lin, Jen-An Neil 林仁安 - 886-289116612"
42,Taiwan Coffee Laboratory 台灣咖啡研究室,"QAHWAH CO., LTD 4F, No. 225, Sec. 3, Beixin Rd., Xindian Dist. New Taipei City, Taiwan","Lin, Jen-An Neil 林仁安 - 886-289116612"
43,Uganda Coffee Development Authority,"Coffee House, Plot 35, Jinja Road, P.O. Box 7267, Kampala, Uganda",Brenda Kamara Kemigisha Mangeni - 256773040119
44,Taiwan Coffee Laboratory 台灣咖啡研究室,"QAHWAH CO., LTD 4F, No. 225, Sec. 3, Beixin Rd., Xindian Dist. New Taipei City, Taiwan","Lin, Jen-An Neil 林仁安 - 886-289116612"
45,Taiwan Coffee Laboratory 台灣咖啡研究室,"QAHWAH CO., LTD 4F, No. 225, Sec. 3, Beixin Rd., Xindian Dist. New Taipei City, Taiwan","Lin, Jen-An Neil 林仁安 - 886-289116612"
46,Asociacion Nacional Del Café,"5a Calle 0-50, Zona 14 Guatemala City, Guatemala 1014",Brayan Cifuentes -
47,Asociacion Nacional Del Café,"5a Calle 0-50, Zona 14 Guatemala City, Guatemala 1014",Brayan Cifuentes -
48,Asociacion Nacional Del Café,"5a Calle 0-50, Zona 14 Guatemala City, Guatemala 1014",Brayan Cifuentes -
49,Taiwan Coffee Laboratory 台灣咖啡研究室,"QAHWAH CO., LTD 4F, No. 225, Sec. 3, Beixin Rd., Xindian Dist. New Taipei City, Taiwan","Lin, Jen-An Neil 林仁安 - 886-289116612"
50,Taiwan Coffee Laboratory 台灣咖啡研究室,"QAHWAH CO., LTD 4F, No. 225, Sec. 3, Beixin Rd., Xindian Dist. New Taipei City, Taiwan","Lin, Jen-An Neil 林仁安 - 886-289116612"
51,NKG Quality Service (a division of Bernhard Rothfos Intercafé AG),"Bahnhofstrasse 22 6300 Zug, Switzerland",Tirza Odermatt - +41 41 728 72 81
52,Taiwan Coffee Laboratory 台灣咖啡研究室,"QAHWAH CO., LTD 4F, No. 225, Sec. 3, Beixin Rd., Xindian Dist. New Taipei City, Taiwan","Lin, Jen-An Neil 林仁安 - 886-289116612"
53,Kenya Coffee Traders Association,"P.O. Box 646 00100Nairobi, Kenya, Denniss Pritt Road, Opposite St Georges Girls Secondary School",Benson Kibicho Kamau - +254 786 821 621
54,Taiwan Coffee Laboratory 台灣咖啡研究室,"QAHWAH CO., LTD 4F, No. 225, Sec. 3, Beixin Rd., Xindian Dist. New Taipei City, Taiwan","Lin, Jen-An Neil 林仁安 - 886-289116612"
55,Taiwan Coffee Laboratory 台灣咖啡研究室,"QAHWAH CO., LTD 4F, No. 225, Sec. 3, Beixin Rd., Xindian Dist. New Taipei City, Taiwan","Lin, Jen-An Neil 林仁安 - 886-289116612"
56,Japan Coffee Exchange,"〒413-0002 静岡県熱海市伊豆山１１７３−５８ 1173-58 Izusan, Atami, Shizuoka, 413-0002 JAPAN",松澤　宏樹　Koju Matsuzawa - +81(0)9085642901
57,Specialty Coffee Association of Costa Rica,"Blvd Rohrmoser, de Prisma Dental 200 norte y 25 oeste, casa 21",Noelia Villalobos - (506) 2220 0685
58,Taiwan Coffee Laboratory 台灣咖啡研究室,"QAHWAH CO., LTD 4F, No. 225, Sec. 3, Beixin Rd., Xindian Dist. New Taipei City, Taiwan","Lin, Jen-An Neil 林仁安 - 886-289116612"
59,Asociacion Nacional Del Café,"5a Calle 0-50, Zona 14 Guatemala City, Guatemala 1014",Brayan Cifuentes -
60,Asociacion Nacional Del Café,"5a Calle 0-50, Zona 14 Guatemala City, Guatemala 1014",Brayan Cifuentes -
61,Specialty Coffee Association of Costa Rica,"Blvd Rohrmoser, de Prisma Dental 200 norte y 25 oeste, casa 21",Noelia Villalobos - (506) 2220 0685
62,Taiwan Coffee Laboratory 台灣咖啡研究室,"QAHWAH CO., LTD 4F, No. 225, Sec. 3, Beixin Rd., Xindian Dist. New Taipei City, Taiwan","Lin, Jen-An Neil 林仁安 - 886-289116612"
63,Taiwan Coffee Laboratory 台灣咖啡研究室,"QAHWAH CO., LTD 4F, No. 225, Sec. 3, Beixin Rd., Xindian Dist. New Taipei City, Taiwan","Lin, Jen-An Neil 林仁安 - 886-289116612"
64,Specialty Coffee Association,*CURRENTLY NOT ACCEPTING SAMPLES**,Brit Amell (CQI) - bamell@coffeeinstitute.org -
65,Taiwan Coffee Laboratory 台灣咖啡研究室,"QAHWAH CO., LTD 4F, No. 225, Sec. 3, Beixin Rd., Xindian Dist. New Taipei City, Taiwan","Lin, Jen-An Neil 林仁安 - 886-289116612"
66,Taiwan Coffee Laboratory 台灣咖啡研究室,"QAHWAH CO., LTD 4F, No. 225, Sec. 3, Beixin Rd., Xindian Dist. New Taipei City, Taiwan","Lin, Jen-An Neil 林仁安 - 886-289116612"
67,Taiwan Coffee Laboratory 台灣咖啡研究室,"QAHWAH CO., LTD 4F, No. 225, Sec. 3, Beixin Rd., Xindian Dist. New Taipei City, Taiwan","Lin, Jen-An Neil 林仁安 - 886-289116612"
68,Japan Coffee Exchange,"〒413-0002 静岡県熱海市伊豆山１１７３−５８ 1173-58 Izusan, Atami, Shizuoka, 413-0002 JAPAN",松澤　宏樹　Koju Matsuzawa - +81(0)9085642901
69,Taiwan Coffee Laboratory 台灣咖啡研究室,"QAHWAH CO., LTD 4F, No. 225, Sec. 3, Beixin Rd., Xindian Dist. New Taipei City, Taiwan","Lin, Jen-An Neil 林仁安 - 886-289116612"
70,Instituto Hondureño del Café,"Laboratorio de Control de Calidad de Café ( CNCC), 33 Calle, 1-2 Avenida, Sector El Cacao. San Pedro Sula, Cortes",Ramon Reyes - + 504 9693-9042
71,Blossom Valley International宸嶧國際,No.72 Mo-Fan St. Taiwan Zip: 403,Damon Chen陳嘉峻 - +886423022323
72,Taiwan Coffee Laboratory 台灣咖啡研究室,"QAHWAH CO., LTD 4F, No. 225, Sec. 3, Beixin Rd., Xindian Dist. New Taipei City, Taiwan","Lin, Jen-An Neil 林仁安 - 886-289116612"
73,Taiwan Coffee Laboratory 台灣咖啡研究室,"QAHWAH CO., LTD 4F, No. 225, Sec. 3, Beixin Rd., Xindian Dist. New Taipei City, Taiwan","Lin, Jen-An Neil 林仁安 - 886-289116612"
74,Asociacion Nacional Del Café,"5a Calle 0-50, Zona 14 Guatemala City, Guatemala 1014",Brayan Cifuentes -
75,Taiwan Coffee Laboratory 台灣咖啡研究室,"QAHWAH CO., LTD 4F, No. 225, Sec. 3, Beixin Rd., Xindian Dist. New Taipei City, Taiwan","Lin, Jen-An Neil 林仁安 - 886-289116612"
76,METAD Agricultural Development plc,"BAWA Center, 3rd Floor (Gerji), Addis Ababa, Ethiopia","Aman Adinew (Emebet Dinku) - +251-116-292534, +251-911-519196"
77,Taiwan Coffee Laboratory 台灣咖啡研究室,"QAHWAH CO., LTD 4F, No. 225, Sec. 3, Beixin Rd., Xindian Dist. New Taipei City, Taiwan","Lin, Jen-An Neil 林仁安 - 886-289116612"
78,ASOCIACIÓN COLOMBIANA PARA LA EXCELENCIA DEL CAFE,Calle 60A #3D-32 / Planta Baja / CQ Lab ASECC,Carlos Julian Ruiz - 3212026991
79,Japan Coffee Exchange,"〒413-0002 静岡県熱海市伊豆山１１７３−５８ 1173-58 Izusan, Atami, Shizuoka, 413-0002 JAPAN",松澤　宏樹　Koju Matsuzawa - +81(0)9085642901
80,Asociacion Nacional Del Café,"5a Calle 0-50, Zona 14 Guatemala City, Guatemala 1014",Brayan Cifuentes -
81,NKG Quality Service (a division of Bernhard Rothfos Intercafé AG),"Bahnhofstrasse 22 6300 Zug, Switzerland",Tirza Odermatt - +41 41 728 72 81
82,Instituto Hondureño del Café,"Laboratorio de Control de Calidad de Café ( CNCC), 33 Calle, 1-2 Avenida, Sector El Cacao. San Pedro Sula, Cortes",Ramon Reyes - + 504 9693-9042
83,Asociacion Nacional Del Café,"5a Calle 0-50, Zona 14 Guatemala City, Guatemala 1014",Brayan Cifuentes -
84,Taiwan Coffee Laboratory 台灣咖啡研究室,"QAHWAH CO., LTD 4F, No. 225, Sec. 3, Beixin Rd., Xindian Dist. New Taipei City, Taiwan","Lin, Jen-An Neil 林仁安 - 886-289116612"
85,Taiwan Coffee Laboratory 台灣咖啡研究室,"QAHWAH CO., LTD 4F, No. 225, Sec. 3, Beixin Rd., Xindian Dist. New Taipei City, Taiwan","Lin, Jen-An Neil 林仁安 - 886-289116612"
86,Asociacion Nacional Del Café,"5a Calle 0-50, Zona 14 Guatemala City, Guatemala 1014",Brayan Cifuentes -
87,Asociacion Nacional Del Café,"5a Calle 0-50, Zona 14 Guatemala City, Guatemala 1014",Brayan Cifuentes -
88,Taiwan Coffee Laboratory 台灣咖啡研究室,"QAHWAH CO., LTD 4F, No. 225, Sec. 3, Beixin Rd., Xindian Dist. New Taipei City, Taiwan","Lin, Jen-An Neil 林仁安 - 886-289116612"
89,Kenya Coffee Traders Association,"P.O. Box 646 00100Nairobi, Kenya, Denniss Pritt Road, Opposite St Georges Girls Secondary School",Benson Kibicho Kamau - +254 786 821 621
90,Centro Agroecológico del Café A.C.,"Instituto de Ecología A. C., Campus III Edificio A Planta Baja Carretera Antigua a Coatepec No. 351 Col. El Haya C.P. 91070 Xalapa, Veracruz, México.",Stephany Escamilla Femat - Tel. +52 228 8421800 Ext. 3092
91,Kenya Coffee Traders Association,"P.O. Box 646 00100Nairobi, Kenya, Denniss Pritt Road, Opposite St Georges Girls Secondary School",Benson Kibicho Kamau - +254 786 821 621
92,NKG Quality Service (a division of Bernhard Rothfos Intercafé AG),"Bahnhofstrasse 22 6300 Zug, Switzerland",Tirza Odermatt - +41 41 728 72 81
93,Specialty Coffee Association of Costa Rica,"Blvd Rohrmoser, de Prisma Dental 200 norte y 25 oeste, casa 21",Noelia Villalobos - (506) 2220 0685
94,Taiwan Coffee Laboratory 台灣咖啡研究室,"QAHWAH CO., LTD 4F, No. 225, Sec. 3, Beixin Rd., Xindian Dist. New Taipei City, Taiwan","Lin, Jen-An Neil 林仁安 - 886-289116612"
95,Asociacion Nacional Del Café,"5a Calle 0-50, Zona 14 Guatemala City, Guatemala 1014",Brayan Cifuentes -
96,Japan Coffee Exchange,"〒413-0002 静岡県熱海市伊豆山１１７３−５８ 1173-58 Izusan, Atami, Shizuoka, 413-0002 JAPAN",松澤　宏樹　Koju Matsuzawa - +81(0)9085642901
97,Japan Coffee Exchange,"〒413-0002 静岡県熱海市伊豆山１１７３−５８ 1173-58 Izusan, Atami, Shizuoka, 413-0002 JAPAN",松澤　宏樹　Koju Matsuzawa - +81(0)9085642901
98,Asociacion Nacional Del Café,"5a Calle 0-50, Zona 14 Guatemala City, Guatemala 1014",Brayan Cifuentes -
99,Asociacion Nacional Del Café,"5a Calle 0-50, Zona 14 Guatemala City, Guatemala 1014",Brayan Cifuentes -
100,Kenya Coffee Traders Association,"P.O. Box 646 00100Nairobi, Kenya, Denniss Pritt Road, Opposite St Georges Girls Secondary School",Benson Kibicho Kamau - +254 786 821 621
101,ASOCIACIÓN COLOMBIANA PARA LA EXCELENCIA DEL CAFE,Calle 60A #3D-32 / Planta Baja / CQ Lab ASECC,Carlos Julian Ruiz - 3212026991
102,Taiwan Coffee Laboratory 台灣咖啡研究室,"QAHWAH CO., LTD 4F, No. 225, Sec. 3, Beixin Rd., Xindian Dist. New Taipei City, Taiwan","Lin, Jen-An Neil 林仁安 - 886-289116612"
103,Taiwan Coffee Laboratory 台灣咖啡研究室,"QAHWAH CO., LTD 4F, No. 225, Sec. 3, Beixin Rd., Xindian Dist. New Taipei City, Taiwan","Lin, Jen-An Neil 林仁安 - 886-289116612"
104,Centro Agroecológico del Café A.C.,"Instituto de Ecología A. C., Campus III Edificio A Planta Baja Carretera Antigua a Coatepec No. 351 Col. El Haya C.P. 91070 Xalapa, Veracruz, México.",Stephany Escamilla Femat - Tel. +52 228 8421800 Ext. 3092
105,Barista and Coffee Academy of Asia,"The Place Bldg., Tunasan, Muntinlupa City, Metro Manila ​Philippines",Rosario Cruz - +63 995 344 5688
106,Blossom Valley International宸嶧國際,No.72 Mo-Fan St. Taiwan Zip: 403,Damon Chen陳嘉峻 - +886423022323
107,Taiwan Coffee Laboratory 台灣咖啡研究室,"QAHWAH CO., LTD 4F, No. 225, Sec. 3, Beixin Rd., Xindian Dist. New Taipei City, Taiwan","Lin, Jen-An Neil 林仁安 - 886-289116612"
108,Taiwan Coffee Laboratory 台灣咖啡研究室,"QAHWAH CO., LTD 4F, No. 225, Sec. 3, Beixin Rd., Xindian Dist. New Taipei City, Taiwan","Lin, Jen-An Neil 林仁安 - 886-289116612"
109,Taiwan Coffee Laboratory 台灣咖啡研究室,"QAHWAH CO., LTD 4F, No. 225, Sec. 3, Beixin Rd., Xindian Dist. New Taipei City, Taiwan","Lin, Jen-An Neil 林仁安 - 886-289116612"
110,Taiwan Coffee Laboratory 台灣咖啡研究室,"QAHWAH CO., LTD 4F, No. 225, Sec. 3, Beixin Rd., Xindian Dist. New Taipei City, Taiwan","Lin, Jen-An Neil 林仁安 - 886-289116612"
111,Taiwan Coffee Laboratory 台灣咖啡研究室,"QAHWAH CO., LTD 4F, No. 225, Sec. 3, Beixin Rd., Xindian Dist. New Taipei City, Taiwan","Lin, Jen-An Neil 林仁安 - 886-289116612"
112,Asociacion Nacional Del Café,"5a Calle 0-50, Zona 14 Guatemala City, Guatemala 1014",Brayan Cifuentes -
113,Instituto Hondureño del Café,"Laboratorio de Control de Calidad de Café ( CNCC), 33 Calle, 1-2 Avenida, Sector El Cacao. San Pedro Sula, Cortes",Ramon Reyes - + 504 9693-9042
114,ASOCIACIÓN COLOMBIANA PARA LA EXCELENCIA DEL CAFE,Calle 60A #3D-32 / Planta Baja / CQ Lab ASECC,Carlos Julian Ruiz - 3212026991
115,FABB Academy of Coffee,"FABB ACADEMY OF COFFEE 259/313 SUKHUMVIT 71 RD., SOI PRIDI BANOMYONG 15, VHADANA BKK, 10110 THAILAND",Janejira Kamonsawedkun - +(66) 095 095 9593
116,METAD Agricultural Development plc,"BAWA Center, 3rd Floor (Gerji), Addis Ababa, Ethiopia","Aman Adinew (Emebet Dinku) - +251-116-292534, +251-911-519196"
117,Japan Coffee Exchange,"〒413-0002 静岡県熱海市伊豆山１１７３−５８ 1173-58 Izusan, Atami, Shizuoka, 413-0002 JAPAN",松澤　宏樹　Koju Matsuzawa - +81(0)9085642901
118,Uganda Coffee Development Authority,"Coffee House, Plot 35, Jinja Road, P.O. Box 7267, Kampala, Uganda",Brenda Kamara Kemigisha Mangeni - 256773040119
119,Taiwan Coffee Laboratory 台灣咖啡研究室,"QAHWAH CO., LTD 4F, No. 225, Sec. 3, Beixin Rd., Xindian Dist. New Taipei City, Taiwan","Lin, Jen-An Neil 林仁安 - 886-289116612"
120,Uganda Coffee Development Authority,"Coffee House, Plot 35, Jinja Road, P.O. Box 7267, Kampala, Uganda",Brenda Kamara Kemigisha Mangeni - 256773040119
121,Taiwan Coffee Laboratory 台灣咖啡研究室,"QAHWAH CO., LTD 4F, No. 225, Sec. 3, Beixin Rd., Xindian Dist. New Taipei City, Taiwan","Lin, Jen-An Neil 林仁安 - 886-289116612"
122,Taiwan Coffee Laboratory 台灣咖啡研究室,"QAHWAH CO., LTD 4F, No. 225, Sec. 3, Beixin Rd., Xindian Dist. New Taipei City, Taiwan","Lin, Jen-An Neil 林仁安 - 886-289116612"
123,Taiwan Coffee Laboratory 台灣咖啡研究室,"QAHWAH CO., LTD 4F, No. 225, Sec. 3, Beixin Rd., Xindian Dist. New Taipei City, Taiwan","Lin, Jen-An Neil 林仁安 - 886-289116612"
124,FABB Academy of Coffee,"FABB ACADEMY OF COFFEE 259/313 SUKHUMVIT 71 RD., SOI PRIDI BANOMYONG 15, VHADANA BKK, 10110 THAILAND",Janejira Kamonsawedkun - +(66) 095 095 9593
125,Specialty Coffee Association of Costa Rica,"Blvd Rohrmoser, de Prisma Dental 200 norte y 25 oeste, casa 21",Noelia Villalobos - (506) 2220 0685
126,Taiwan Coffee Laboratory 台灣咖啡研究室,"QAHWAH CO., LTD 4F, No. 225, Sec. 3, Beixin Rd., Xindian Dist. New Taipei City, Taiwan","Lin, Jen-An Neil 林仁安 - 886-289116612"
127,FABB Academy of Coffee,"FABB ACADEMY OF COFFEE 259/313 SUKHUMVIT 71 RD., SOI PRIDI BANOMYONG 15, VHADANA BKK, 10110 THAILAND",Janejira Kamonsawedkun - +(66) 095 095 9593
128,Kenya Coffee Traders Association,"P.O. Box 646 00100Nairobi, Kenya, Denniss Pritt Road, Opposite St Georges Girls Secondary School",Benson Kibicho Kamau - +254 786 821 621
129,Brazil Specialty Coffee Association,"Rua Gaspar Batista Paiva, 416 – Santa Luiza Varginha/MG – Brazil",Chris Allen - 55 35 3212-4705
130,Taiwan Coffee Laboratory 台灣咖啡研究室,"QAHWAH CO., LTD 4F, No. 225, Sec. 3, Beixin Rd., Xindian Dist. New Taipei City, Taiwan","Lin, Jen-An Neil 林仁安 - 886-289116612"
131,Japan Coffee Exchange,"〒413-0002 静岡県熱海市伊豆山１１７３−５８ 1173-58 Izusan, Atami, Shizuoka, 413-0002 JAPAN",松澤　宏樹　Koju Matsuzawa - +81(0)9085642901
132,Taiwan Coffee Laboratory 台灣咖啡研究室,"QAHWAH CO., LTD 4F, No. 225, Sec. 3, Beixin Rd., Xindian Dist. New Taipei City, Taiwan","Lin, Jen-An Neil 林仁安 - 886-289116612"
133,Instituto Hondureño del Café,"Laboratorio de Control de Calidad de Café ( CNCC), 33 Calle, 1-2 Avenida, Sector El Cacao. San Pedro Sula, Cortes",Ramon Reyes - + 504 9693-9042
134,Taiwan Coffee Laboratory 台灣咖啡研究室,"QAHWAH CO., LTD 4F, No. 225, Sec. 3, Beixin Rd., Xindian Dist. New Taipei City, Taiwan","Lin, Jen-An Neil 林仁安 - 886-289116612"
135,Taiwan Coffee Laboratory 台灣咖啡研究室,"QAHWAH CO., LTD 4F, No. 225, Sec. 3, Beixin Rd., Xindian Dist. New Taipei City, Taiwan","Lin, Jen-An Neil 林仁安 - 886-289116612"
136,Specialty Coffee Association of Indonesia,"Ministry of Agriculture Republic Indonesia, Build C 5th Floor wing B Room 515 . Jl. Harsono RM No. 3, Ragunan, South Jakarta, Jakarta",Mr. Michael Utama or Mr. Andi Fachri - 081382657727 / 087789140881
137,Instituto Hondureño del Café,"Laboratorio de Control de Calidad de Café ( CNCC), 33 Calle, 1-2 Avenida, Sector El Cacao. San Pedro Sula, Cortes",Ramon Reyes - + 504 9693-9042
138,Instituto Hondureño del Café,"Laboratorio de Control de Calidad de Café ( CNCC), 33 Calle, 1-2 Avenida, Sector El Cacao. San Pedro Sula, Cortes",Ramon Reyes - + 504 9693-9042
139,ASOCIACIÓN COLOMBIANA PARA LA EXCELENCIA DEL CAFE,Calle 60A #3D-32 / Planta Baja / CQ Lab ASECC,Carlos Julian Ruiz - 3212026991
140,Taiwan Coffee Laboratory 台灣咖啡研究室,"QAHWAH CO., LTD 4F, No. 225, Sec. 3, Beixin Rd., Xindian Dist. New Taipei City, Taiwan","Lin, Jen-An Neil 林仁安 - 886-289116612"
141,Centro Agroecológico del Café A.C.,"Instituto de Ecología A. C., Campus III Edificio A Planta Baja Carretera Antigua a Coatepec No. 351 Col. El Haya C.P. 91070 Xalapa, Veracruz, México.",Stephany Escamilla Femat - Tel. +52 228 8421800 Ext. 3092
142,Japan Coffee Exchange,"〒413-0002 静岡県熱海市伊豆山１１７３−５８ 1173-58 Izusan, Atami, Shizuoka, 413-0002 JAPAN",松澤　宏樹　Koju Matsuzawa - +81(0)9085642901
143,Blossom Valley International宸嶧國際,No.72 Mo-Fan St. Taiwan Zip: 403,Damon Chen陳嘉峻 - +886423022323
144,Instituto Hondureño del Café,"Laboratorio de Control de Calidad de Café ( CNCC), 33 Calle, 1-2 Avenida, Sector El Cacao. San Pedro Sula, Cortes",Ramon Reyes - + 504 9693-9042
145,FABB Academy of Coffee,"FABB ACADEMY OF COFFEE 259/313 SUKHUMVIT 71 RD., SOI PRIDI BANOMYONG 15, VHADANA BKK, 10110 THAILAND",Janejira Kamonsawedkun - +(66) 095 095 9593
146,Specialty Coffee Association,*CURRENTLY NOT ACCEPTING SAMPLES**,Brit Amell (CQI) - bamell@coffeeinstitute.org -
147,Asociación de Cafés Especiales de Nicaragua,"Del Hotel Seminole 2 C al lago, 1 C arriba.",Maria Ines Benavidez Toval - 011-(505)-8396 4717
148,Taiwan Coffee Laboratory 台灣咖啡研究室,"QAHWAH CO., LTD 4F, No. 225, Sec. 3, Beixin Rd., Xindian Dist. New Taipei City, Taiwan","Lin, Jen-An Neil 林仁安 - 886-289116612"
149,Japan Coffee Exchange,"〒413-0002 静岡県熱海市伊豆山１１７３−５８ 1173-58 Izusan, Atami, Shizuoka, 413-0002 JAPAN",松澤　宏樹　Koju Matsuzawa - +81(0)9085642901
150,FABB Academy of Coffee,"FABB ACADEMY OF COFFEE 259/313 SUKHUMVIT 71 RD., SOI PRIDI BANOMYONG 15, VHADANA BKK, 10110 THAILAND",Janejira Kamonsawedkun - +(66) 095 095 9593
151,Specialty Coffee Institute of Thailand,"No.76-82 Satri Wittaya 2 Soi 6, Ladplao, Bangkok 10230 Thailand","Rinlapat Siwachairot - +66 2 118 0811, +66 926462492"
152,Instituto Hondureño del Café,"Laboratorio de Control de Calidad de Café ( CNCC), 33 Calle, 1-2 Avenida, Sector El Cacao. San Pedro Sula, Cortes",Ramon Reyes - + 504 9693-9042
153,Taiwan Coffee Laboratory 台灣咖啡研究室,"QAHWAH CO., LTD 4F, No. 225, Sec. 3, Beixin Rd., Xindian Dist. New Taipei City, Taiwan","Lin, Jen-An Neil 林仁安 - 886-289116612"
154,Taiwan Coffee Laboratory 台灣咖啡研究室,"QAHWAH CO., LTD 4F, No. 225, Sec. 3, Beixin Rd., Xindian Dist. New Taipei City, Taiwan","Lin, Jen-An Neil 林仁安 - 886-289116612"
155,Specialty Coffee Association,*CURRENTLY NOT ACCEPTING SAMPLES**,Brit Amell (CQI) - bamell@coffeeinstitute.org -
156,Salvadoran Coffee Council,"Final 1a. Av. Norte y 13 Calle Pte., dentro de las instalaciones del MAG",Tomas Bonilla - (503) 2505-6600
157,Specialty Coffee Association of Costa Rica,"Blvd Rohrmoser, de Prisma Dental 200 norte y 25 oeste, casa 21",Noelia Villalobos - (506) 2220 0685
158,Brazil Specialty Coffee Association,"Rua Gaspar Batista Paiva, 416 – Santa Luiza Varginha/MG – Brazil",Chris Allen - 55 35 3212-4705
159,Taiwan Coffee Laboratory 台灣咖啡研究室,"QAHWAH CO., LTD 4F, No. 225, Sec. 3, Beixin Rd., Xindian Dist. New Taipei City, Taiwan","Lin, Jen-An Neil 林仁安 - 886-289116612"
160,Taiwan Coffee Laboratory 台灣咖啡研究室,"QAHWAH CO., LTD 4F, No. 225, Sec. 3, Beixin Rd., Xindian Dist. New Taipei City, Taiwan","Lin, Jen-An Neil 林仁安 - 886-289116612"
161,Instituto Hondureño del Café,"Laboratorio de Control de Calidad de Café ( CNCC), 33 Calle, 1-2 Avenida, Sector El Cacao. San Pedro Sula, Cortes",Ramon Reyes - + 504 9693-9042
162,Taiwan Coffee Laboratory 台灣咖啡研究室,"QAHWAH CO., LTD 4F, No. 225, Sec. 3, Beixin Rd., Xindian Dist. New Taipei City, Taiwan","Lin, Jen-An Neil 林仁安 - 886-289116612"
163,Taiwan Coffee Laboratory 台灣咖啡研究室,"QAHWAH CO., LTD 4F, No. 225, Sec. 3, Beixin Rd., Xindian Dist. New Taipei City, Taiwan","Lin, Jen-An Neil 林仁安 - 886-289116612"
164,Specialty Coffee Association,*CURRENTLY NOT ACCEPTING SAMPLES**,Brit Amell (CQI) - bamell@coffeeinstitute.org -
165,Salvadoran Coffee Council,"Final 1a. Av. Norte y 13 Calle Pte., dentro de las instalaciones del MAG",Tomas Bonilla - (503) 2505-6600
166,Salvadoran Coffee Council,"Final 1a. Av. Norte y 13 Calle Pte., dentro de las instalaciones del MAG",Tomas Bonilla - (503) 2505-6600
167,Taiwan Coffee Laboratory 台灣咖啡研究室,"QAHWAH CO., LTD 4F, No. 225, Sec. 3, Beixin Rd., Xindian Dist. New Taipei City, Taiwan","Lin, Jen-An Neil 林仁安 - 886-289116612"
168,Japan Coffee Exchange,"〒413-0002 静岡県熱海市伊豆山１１７３−５８ 1173-58 Izusan, Atami, Shizuoka, 413-0002 JAPAN",松澤　宏樹　Koju Matsuzawa - +81(0)9085642901
169,Taiwan Coffee Laboratory 台灣咖啡研究室,"QAHWAH CO., LTD 4F, No. 225, Sec. 3, Beixin Rd., Xindian Dist. New Taipei City, Taiwan","Lin, Jen-An Neil 林仁安 - 886-289116612"
170,Japan Coffee Exchange,"〒413-0002 静岡県熱海市伊豆山１１７３−５８ 1173-58 Izusan, Atami, Shizuoka, 413-0002 JAPAN",松澤　宏樹　Koju Matsuzawa - +81(0)9085642901
171,Instituto Hondureño del Café,"Laboratorio de Control de Calidad de Café ( CNCC), 33 Calle, 1-2 Avenida, Sector El Cacao. San Pedro Sula, Cortes",Ramon Reyes - + 504 9693-9042
172,Taiwan Coffee Laboratory 台灣咖啡研究室,"QAHWAH CO., LTD 4F, No. 225, Sec. 3, Beixin Rd., Xindian Dist. New Taipei City, Taiwan","Lin, Jen-An Neil 林仁安 - 886-289116612"
173,Taiwan Coffee Laboratory 台灣咖啡研究室,"QAHWAH CO., LTD 4F, No. 225, Sec. 3, Beixin Rd., Xindian Dist. New Taipei City, Taiwan","Lin, Jen-An Neil 林仁安 - 886-289116612"
174,Taiwan Coffee Laboratory 台灣咖啡研究室,"QAHWAH CO., LTD 4F, No. 225, Sec. 3, Beixin Rd., Xindian Dist. New Taipei City, Taiwan","Lin, Jen-An Neil 林仁安 - 886-289116612"
175,FABB Academy of Coffee,"FABB ACADEMY OF COFFEE 259/313 SUKHUMVIT 71 RD., SOI PRIDI BANOMYONG 15, VHADANA BKK, 10110 THAILAND",Janejira Kamonsawedkun - +(66) 095 095 9593
176,Specialty Coffee Association of Costa Rica,"Blvd Rohrmoser, de Prisma Dental 200 norte y 25 oeste, casa 21",Noelia Villalobos - (506) 2220 0685
177,Japan Coffee Exchange,"〒413-0002 静岡県熱海市伊豆山１１７３−５８ 1173-58 Izusan, Atami, Shizuoka, 413-0002 JAPAN",松澤　宏樹　Koju Matsuzawa - +81(0)9085642901
178,NKG Quality Service (a division of Bernhard Rothfos Intercafé AG),"Bahnhofstrasse 22 6300 Zug, Switzerland",Tirza Odermatt - +41 41 728 72 81
179,Japan Coffee Exchange,"〒413-0002 静岡県熱海市伊豆山１１７３−５８ 1173-58 Izusan, Atami, Shizuoka, 413-0002 JAPAN",松澤　宏樹　Koju Matsuzawa - +81(0)9085642901
180,Taiwan Coffee Laboratory 台灣咖啡研究室,"QAHWAH CO., LTD 4F, No. 225, Sec. 3, Beixin Rd., Xindian Dist. New Taipei City, Taiwan","Lin, Jen-An Neil 林仁安 - 886-289116612"
181,Taiwan Coffee Laboratory 台灣咖啡研究室,"QAHWAH CO., LTD 4F, No. 225, Sec. 3, Beixin Rd., Xindian Dist. New Taipei City, Taiwan","Lin, Jen-An Neil 林仁安 - 886-289116612"
182,Firedancer Coffee Consultants,"165 Commerce Drive, Ste 103",Firedancer Coffee Consultants -
183,Japan Coffee Exchange,"〒413-0002 静岡県熱海市伊豆山１１７３−５８ 1173-58 Izusan, Atami, Shizuoka, 413-0002 JAPAN",松澤　宏樹　Koju Matsuzawa - +81(0)9085642901
184,Taiwan Coffee Laboratory 台灣咖啡研究室,"QAHWAH CO., LTD 4F, No. 225, Sec. 3, Beixin Rd., Xindian Dist. New Taipei City, Taiwan","Lin, Jen-An Neil 林仁安 - 886-289116612"
185,Taiwan Coffee Laboratory 台灣咖啡研究室,"QAHWAH CO., LTD 4F, No. 225, Sec. 3, Beixin Rd., Xindian Dist. New Taipei City, Taiwan","Lin, Jen-An Neil 林仁安 - 886-289116612"
186,Centro Agroecológico del Café A.C.,"Instituto de Ecología A. C., Campus III Edificio A Planta Baja Carretera Antigua a Coatepec No. 351 Col. El Haya C.P. 91070 Xalapa, Veracruz, México.",Stephany Escamilla Femat - Tel. +52 228 8421800 Ext. 3092
187,Specialty Coffee Association of Costa Rica,"Blvd Rohrmoser, de Prisma Dental 200 norte y 25 oeste, casa 21",Noelia Villalobos - (506) 2220 0685
188,Taiwan Coffee Laboratory 台灣咖啡研究室,"QAHWAH CO., LTD 4F, No. 225, Sec. 3, Beixin Rd., Xindian Dist. New Taipei City, Taiwan","Lin, Jen-An Neil 林仁安 - 886-289116612"
189,Taiwan Coffee Laboratory 台灣咖啡研究室,"QAHWAH CO., LTD 4F, No. 225, Sec. 3, Beixin Rd., Xindian Dist. New Taipei City, Taiwan","Lin, Jen-An Neil 林仁安 - 886-289116612"
190,FABB Academy of Coffee,"FABB ACADEMY OF COFFEE 259/313 SUKHUMVIT 71 RD., SOI PRIDI BANOMYONG 15, VHADANA BKK, 10110 THAILAND",Janejira Kamonsawedkun - +(66) 095 095 9593
191,Taiwan Coffee Laboratory 台灣咖啡研究室,"QAHWAH CO., LTD 4F, No. 225, Sec. 3, Beixin Rd., Xindian Dist. New Taipei City, Taiwan","Lin, Jen-An Neil 林仁安 - 886-289116612"
192,FABB Academy of Coffee,"FABB ACADEMY OF COFFEE 259/313 SUKHUMVIT 71 RD., SOI PRIDI BANOMYONG 15, VHADANA BKK, 10110 THAILAND",Janejira Kamonsawedkun - +(66) 095 095 9593
193,Japan Coffee Exchange,"〒413-0002 静岡県熱海市伊豆山１１７３−５８ 1173-58 Izusan, Atami, Shizuoka, 413-0002 JAPAN",松澤　宏樹　Koju Matsuzawa - +81(0)9085642901
194,Japan Coffee Exchange,"〒413-0002 静岡県熱海市伊豆山１１７３−５８ 1173-58 Izusan, Atami, Shizuoka, 413-0002 JAPAN",松澤　宏樹　Koju Matsuzawa - +81(0)9085642901
195,Salvadoran Coffee Council,"Final 1a. Av. Norte y 13 Calle Pte., dentro de las instalaciones del MAG",Tomas Bonilla - (503) 2505-6600
196,Japan Coffee Exchange,"〒413-0002 静岡県熱海市伊豆山１１７３−５８ 1173-58 Izusan, Atami, Shizuoka, 413-0002 JAPAN",松澤　宏樹　Koju Matsuzawa - +81(0)9085642901
197,Asociación de Cafés Especiales de Nicaragua,"Del Hotel Seminole 2 C al lago, 1 C arriba.",Maria Ines Benavidez Toval - 011-(505)-8396 4717
198,Japan Coffee Exchange,"〒413-0002 静岡県熱海市伊豆山１１７３−５８ 1173-58 Izusan, Atami, Shizuoka, 413-0002 JAPAN",松澤　宏樹　Koju Matsuzawa - +81(0)9085642901
199,Japan Coffee Exchange,"〒413-0002 静岡県熱海市伊豆山１１７３−５８ 1173-58 Izusan, Atami, Shizuoka, 413-0002 JAPAN",松澤　宏樹　Koju Matsuzawa - +81(0)9085642901
200,Salvadoran Coffee Council,"Final 1a. Av. Norte y 13 Calle Pte., dentro de las instalaciones del MAG",Tomas Bonilla - (503) 2505-6600
201,Japan Coffee Exchange,"〒413-0002 静岡県熱海市伊豆山１１７３−５８ 1173-58 Izusan, Atami, Shizuoka, 413-0002 JAPAN",松澤　宏樹　Koju Matsuzawa - +81(0)9085642901
202,Brazil Specialty Coffee Association,"Rua Gaspar Batista Paiva, 416 – Santa Luiza Varginha/MG – Brazil",Chris Allen - 55 35 3212-4705
203,Asociación de Cafés Especiales de Nicaragua,"Del Hotel Seminole 2 C al lago, 1 C arriba.",Maria Ines Benavidez Toval - 011-(505)-8396 4717
204,Japan Coffee Exchange,"〒413-0002 静岡県熱海市伊豆山１１７３−５８ 1173-58 Izusan, Atami, Shizuoka, 413-0002 JAPAN",松澤　宏樹　Koju Matsuzawa - +81(0)9085642901
205,Salvadoran Coffee Council,"Final 1a. Av. Norte y 13 Calle Pte., dentro de las instalaciones del MAG",Tomas Bonilla - (503) 2505-6600
206,Centro Agroecológico del Café A.C.,"Instituto de Ecología A. C., Campus III Edificio A Planta Baja Carretera Antigua a Coatepec No. 351 Col. El Haya C.P. 91070 Xalapa, Veracruz, México.",Stephany Escamilla Femat - Tel. +52 228 8421800 Ext. 3092
