CoffeeID,ID,Country of Origin,Variety,Processing Method,Aroma,Flavor,Aftertaste,Acidity,Body,Balance,Uniformity,Clean Cup,Sweetness,Overall,Defects,Total Cup Points,Moisture Percentage,Category One Defects,Quakers,Color,Category Two Defects
0,0,Colombia,Castillo,Double Anaerobic Washed,8.58,8.5,8.42,8.58,8.25,8.42,10.0,10.0,10.0,8.58,0.0,89.33,11.8,0,0,green,3
1,1,Taiwan,Gesha,Washed / Wet,8.5,8.5,7.92,8.0,7.92,8.25,10.0,10.0,10.0,8.5,0.0,87.58,10.5,0,0,blue-green,0
2,2,Laos,Java,Semi Washed,8.33,8.42,8.08,8.17,7.92,8.17,10.0,10.0,10.0,8.33,0.0,87.42,10.4,0,0,yellowish,2
3,3,Costa Rica,Gesha,Washed / Wet,8.08,8.17,8.17,8.25,8.17,8.08,10.0,10.0,10.0,8.25,0.0,87.17,11.8,0,0,green,0
4,4,Colombia,Red Bourbon,"Honey,Mossto",8.33,8.33,8.08,8.25,7.92,7.92,10.0,10.0,10.0,8.25,0.0,87.08,11.6,0,2,yellow-green,2
5,5,Guatemala,Gesha,Washed / Wet,8.33,8.33,8.25,7.83,7.83,8.17,10.0,10.0,10.0,8.25,0.0,87.0,10.7,0,0,green,2
6,6,Taiwan,Gesha,Washed / Wet,8.33,8.17,8.08,8.0,7.83,8.25,10.0,10.0,10.0,8.25,0.0,86.92,9.1,0,0,green,0
7,7,Taiwan,Sl34+Gesha,Natural / Dry,8.25,8.25,8.17,8.0,7.92,8.08,10.0,10.0,10.0,8.08,0.0,86.75,10.0,0,0,yellow green,1
8,8,Taiwan,SL34,Washed / Wet,8.08,8.08,8.25,8.08,7.92,8.0,10.0,10.0,10.0,8.25,0.0,86.67,10.8,0,0,greenish,0
9,9,"Tanzania, United Republic Of",Bourbon,Washed / Wet,8.08,8.17,8.08,8.17,8.0,8.0,10.0,10.0,10.0,8.0,0.0,86.5,11.0,0,0,greenish,0
10,10,Ethiopia,Ethiopian Heirlooms,Natural / Dry,8.08,8.25,8.0,8.08,7.92,7.92,10.0,10.0,10.0,8.0,0.0,86.25,11.8,0,1,greenish,1
11,11,Guatemala,Gesha,Natural / Dry,8.08,8.0,8.0,7.75,8.25,8.17,10.0,10.0,10.0,8.0,0.0,86.25,11.5,0,0,brownish,1
12,12,Taiwan,Gesha,Washed / Wet,8.08,8.0,8.08,8.08,8.0,8.0,10.0,10.0,10.0,8.0,0.0,86.25,11.9,0,0,green,0
13,13,Ethiopia,Gesha,Natural / Dry,7.67,8.17,8.0,8.33,8.0,8.0,10.0,10.0,10.0,8.0,0.0,86.17,11.6,0,3,yellow- green,2
14,14,Colombia,Caturra,Washed / Wet,8.08,8.0,8.08,7.92,8.08,8.0,10.0,10.0,10.0,8.0,0.0,86.17,10.6,0,0,green,0
15,15,Taiwan,SL34,Pulped natural / honey,8.17,8.08,8.0,7.92,8.0,7.92,10.0,10.0,10.0,8.0,0.0,86.08,10.2,0,0,green,0
16,16,Ethiopia,"Wolishalo,Kurume,Dega",Washed / Wet,8.17,8.08,7.92,8.17,7.75,7.92,10.0,10.0,10.0,8.08,0.0,86.08,11.3,0,2,green,2
17,17,Taiwan,Gesha,Natural / Dry,8.0,8.17,8.0,7.92,7.92,7.92,10.0,10.0,10.0,8.17,0.0,86.08,10.3,0,0,yellow-green,0
18,18,Taiwan,Gesha,Natural / Dry,8.08,8.17,7.75,7.92,7.83,8.0,10.0,10.0,10.0,8.17,0.0,85.92,11.0,0,0,brownish,1
19,19,"Tanzania, United Republic Of",Bourbon,Washed / Wet,8.17,8.0,7.92,7.92,8.17,7.75,10.0,10.0,10.0,7.92,0.0,85.83,10.0,0,0,greenish,0
20,20,Guatemala,Gesha,Natural / Dry,8.0,7.92,8.08,7.92,7.75,8.0,10.0,10.0,10.0,8.08,0.0,85.75,11.6,0,0,yellowish,0
21,21,Taiwan,Typica,Natural / Dry,8.08,8.0,7.92,7.92,8.0,7.83,10.0,10.0,10.0,7.92,0.0,85.67,10.4,0,0,green,0
22,22,Thailand,Catimor,Pulped natural / honey,7.67,8.0,7.83,8.0,8.08,8.0,10.0,10.0,10.0,8.08,0.0,85.67,9.8,0,0,browish-green,5
23,23,Colombia,Castillo Paraguaycito,,8.08,8.0,7.83,8.17,7.75,7.83,10.0,10.0,10.0,8.0,0.0,85.67,11.3,0,0,brownish,2
24,24,Taiwan,SL34,Washed / Wet,7.83,8.0,7.92,8.0,8.0,7.92,10.0,10.0,10.0,7.92,0.0,85.58,10.6,0,0,bluish-green,0
25,25,Brazil,,Pulped natural / honey,7.83,8.08,7.83,7.92,8.0,7.83,10.0,10.0,10.0,8.0,0.0,85.5,11.3,2,0,green,3
26,26,Taiwan,Gesha,Natural / Dry,7.92,7.92,8.0,7.92,7.83,7.92,10.0,10.0,10.0,8.0,0.0,85.5,9.1,0,0,green,2
27,27,Taiwan,Gesha,Natural / Dry,8.17,8.08,7.92,8.0,7.58,7.83,10.0,10.0,10.0,7.92,0.0,85.5,10.6,0,0,green,0
28,28,Taiwan,Gesha,Natural / Dry,8.0,8.0,8.0,7.92,7.75,7.92,10.0,10.0,10.0,7.92,0.0,85.5,10.2,0,0,blue-green,0
29,29,United States (Hawaii),Typica,Washed / Wet,8.0,7.92,8.0,7.83,7.67,8.0,10.0,10.0,10.0,8.0,0.0,85.42,9.3,0,0,green,0
30,30,Taiwan,Typica,Washed / Wet,8.0,8.0,7.83,7.83,7.75,7.92,10.0,10.0,10.0,8.08,0.0,85.42,11.4,0,0,bluish-green,0
31,31,Taiwan,Typica,Washed / Wet,7.92,8.0,7.83,7.92,7.83,7.83,10.0,10.0,10.0,8.0,0.0,85.33,10.8,0,0,green,0
32,32,Taiwan,Gesha,Washed / Wet,8.08,8.17,7.67,7.83,7.67,7.92,10.0,10.0,10.0,8.0,0.0,85.33,11.3,0,0,green,0
33,33,Ethiopia,Ethiopian Heirlooms,Washed / Wet,7.67,7.83,7.83,8.0,8.0,8.0,10.0,10.0,10.0,8.0,0.0,85.33,9.9,0,2,green,3
34,34,Ethiopia,Ethiopian Heirlooms,Natural / Dry,8.0,8.08,8.0,8.0,7.67,7.75,10.0,10.0,10.0,7.83,0.0,85.33,12.3,0,3,yellow green,4
35,35,Ethiopia,Ethiopian Heirlooms,Washed / Wet,7.92,7.75,7.83,8.17,8.0,7.75,10.0,10.0,10.0,7.83,0.0,85.25,9.4,0,1,greenish,1
36,36,Taiwan,Gesha,Washed / Wet,8.0,7.92,7.83,7.92,7.83,7.83,10.0,10.0,10.0,7.92,0.0,85.25,9.5,0,0,bluish-green,0
37,37,Taiwan,Gesha,Pulped natural / honey,8.25,8.08,7.83,7.75,7.67,7.75,10.0,10.0,10.0,7.92,0.0,85.25,11.3,0,0,green,0
38,38,Kenya,SL28,Washed / Wet,8.17,7.75,7.83,7.58,7.92,8.0,10.0,10.0,10.0,8.0,0.0,85.25,9.2,0,0,greenish,1
39,39,Taiwan,Gesha,Washed / Wet,7.75,7.92,7.75,8.0,7.83,7.92,10.0,10.0,10.0,8.0,0.0,85.17,10.3,0,0,bluish-green,0
40,40,Taiwan,Typica,Natural / Dry,8.0,7.92,7.83,7.92,7.75,7.75,10.0,10.0,10.0,7.92,0.0,85.08,10.0,0,0,brownish,0
41,41,Taiwan,Typica,Washed / Wet,8.0,8.08,7.67,7.75,7.92,7.83,10.0,10.0,10.0,7.83,0.0,85.08,10.5,0,0,greenish,0
42,42,Taiwan,Gesha,Washed / Wet,8.0,7.92,7.67,8.0,7.75,7.83,10.0,10.0,10.0,7.92,0.0,85.08,10.0,0,0,pale yellow,5
43,43,Uganda,SL14,Washed / Wet,8.0,7.92,7.75,7.75,7.75,7.92,10.0,10.0,10.0,7.92,0.0,85.0,11.0,0,0,green,1
44,44,Taiwan,Typica,,7.92,8.0,7.92,8.0,7.58,7.75,10.0,10.0,10.0,7.83,0.0,85.0,10.9,0,0,green,0
45,45,Taiwan,Gesha,Natural / Dry,8.17,8.08,7.83,7.67,7.67,7.75,10.0,10.0,10.0,7.83,0.0,85.0,10.1,0,0,yellow green,0
46,46,Guatemala,Caturra,Washed / Wet,7.67,8.08,7.67,8.0,7.92,7.83,10.0,10.0,10.0,7.83,0.0,85.0,9.9,0,1,green,1
47,47,Guatemala,Catuai,Washed / Wet,7.67,8.0,7.75,7.92,8.0,7.83,10.0,10.0,10.0,7.83,0.0,85.0,11.3,0,0,green,4
48,48,Guatemala,Caturra,Washed / Wet,7.83,7.92,7.75,8.0,7.75,7.75,10.0,10.0,10.0,7.92,0.0,84.92,11.7,0,3,green,1
49,49,Taiwan,Typica,Washed / Wet,7.92,7.92,7.83,7.83,7.75,7.83,10.0,10.0,10.0,7.83,0.0,84.92,9.5,0,0,green,2
50,50,Taiwan,Yellow Bourbon,Natural / Dry,8.0,8.0,7.75,7.75,7.67,7.75,10.0,10.0,10.0,7.92,0.0,84.83,9.7,0,0,brownish,0
51,51,Indonesia,Catimor,,7.83,7.92,7.75,7.83,7.83,7.83,10.0,10.0,10.0,7.83,0.0,84.83,11.9,0,3,bluish-green,2
52,52,Peru,Gesha,Washed / Wet,8.0,8.0,7.83,7.83,7.58,7.83,10.0,10.0,10.0,7.75,0.0,84.83,10.7,0,0,greenish,0
53,53,"Tanzania, United Republic Of",Bourbon,Washed / Wet,7.92,7.75,7.75,7.92,7.83,7.83,10.0,10.0,10.0,7.83,0.0,84.83,11.2,0,0,greenish,0
54,54,Taiwan,SL34,Natural / Dry,7.83,7.83,7.67,7.67,7.83,8.0,10.0,10.0,10.0,8.0,0.0,84.83,9.5,0,0,greenish,0
55,55,Taiwan,SL34,Washed / Wet,7.67,7.92,7.92,7.83,7.75,7.83,10.0,10.0,10.0,7.83,0.0,84.75,10.4,0,0,green,0
56,56,Brazil,Yellow Bourbon,Double Carbonic Maceration / Natural,7.83,7.92,7.75,7.92,7.67,7.83,10.0,10.0,10.0,7.83,0.0,84.75,11.2,0,1,green,5
57,57,Panama,Catuai,Washed / Wet,7.83,7.83,7.75,7.92,7.83,7.75,10.0,10.0,10.0,7.83,0.0,84.75,10.3,0,1,bluish-green,5
58,58,Taiwan,Yellow Bourbon,Pulped natural / honey,7.92,8.08,7.67,7.92,7.67,7.75,10.0,10.0,10.0,7.75,0.0,84.75,10.0,0,0,blue-green,0
59,59,Guatemala,Caturra,Washed / Wet,7.67,8.0,7.67,7.83,7.92,7.67,10.0,10.0,10.0,7.92,0.0,84.67,10.6,0,0,green,1
60,60,Guatemala,Bourbon,Natural / Dry,7.83,8.0,7.67,7.83,7.75,7.75,10.0,10.0,10.0,7.83,0.0,84.67,10.9,0,3,yellow-green,2
61,61,Costa Rica,Caturra,Washed / Wet,7.58,7.83,7.5,7.67,7.83,7.67,10.0,10.0,10.0,8.58,0.0,84.67,10.0,0,1,green,2
62,62,Taiwan,Typica,Pulped natural / honey,7.83,7.83,7.75,7.75,7.75,7.75,10.0,10.0,10.0,7.92,0.0,84.58,9.6,0,0,greenish,0
63,63,Taiwan,Gesha,Pulped natural / honey,8.17,7.83,7.67,7.83,7.67,7.67,10.0,10.0,10.0,7.75,0.0,84.58,11.5,0,0,green,0
64,64,Nicaragua,Catrenic,Natural / Dry,7.92,7.75,7.67,7.67,7.83,7.75,10.0,10.0,10.0,8.0,0.0,84.58,9.9,1,0,green,2
65,65,Taiwan,Gesha,Washed / Wet,8.08,7.83,7.67,7.67,7.67,7.75,10.0,10.0,10.0,7.92,0.0,84.58,11.2,0,0,green,2
66,66,Taiwan,SL34,Natural / Dry,7.83,8.0,7.67,7.75,7.67,7.75,10.0,10.0,10.0,7.92,0.0,84.58,10.3,0,0,green,0
67,67,Vietnam,Catimor,Natural / Dry,8.0,7.83,7.75,7.67,7.58,7.83,10.0,10.0,10.0,7.92,0.0,84.58,11.6,0,0,brownish,0
68,68,Costa Rica,Gesha,Washed / Wet,7.75,7.83,7.67,7.83,7.75,7.75,10.0,10.0,10.0,7.92,0.0,84.5,11.7,0,1,green,0
69,69,Taiwan,unknown,Pulped natural / honey,7.75,7.92,7.83,7.75,7.75,7.75,10.0,10.0,10.0,7.75,0.0,84.5,11.3,0,0,bluish-green,0
70,70,Honduras,Catuai,Washed / Wet,7.83,7.92,7.75,7.75,7.75,7.75,10.0,10.0,10.0,7.75,0.0,84.5,9.8,0,0,green,3
71,71,Ethiopia,Ethiopian Heirlooms,Washed / Wet,7.92,7.83,7.75,7.92,7.58,7.67,10.0,10.0,10.0,7.83,0.0,84.5,10.9,0,0,green,9
72,72,Taiwan,Typica,Natural / Dry,8.08,7.92,7.75,7.83,7.5,7.58,10.0,10.0,10.0,7.83,0.0,84.5,10.2,0,0,green,0
73,73,Taiwan,Gesha,Washed / Wet,7.83,8.0,7.5,7.75,7.75,7.75,10.0,10.0,10.0,7.83,0.0,84.42,10.1,0,0,bluish-green,1
74,74,Guatemala,Bourbon,Washed / Wet,7.67,7.83,7.75,7.75,7.83,7.75,10.0,10.0,10.0,7.75,0.0,84.33,9.2,0,1,green,5
75,75,United States (Hawaii),Catuai,Washed / Wet,7.92,7.83,7.75,7.92,7.5,7.67,10.0,10.0,10.0,7.75,0.0,84.33,10.1,3,0,yellow-green,7
76,76,Ethiopia,Ethiopian Heirlooms,Natural / Dry,7.83,7.75,7.58,7.92,8.0,7.5,10.0,10.0,10.0,7.75,0.0,84.33,11.0,0,5,yellow green,4
77,77,El Salvador,Pacamara,Pulped natural / honey,7.83,7.83,7.83,7.83,7.67,7.67,10.0,10.0,10.0,7.67,0.0,84.33,10.3,0,0,brownish,4
78,78,Colombia,Castillo and Colombia blend,Washed / Wet,7.75,7.75,7.75,7.75,7.83,7.67,10.0,10.0,10.0,7.83,0.0,84.33,11.6,0,0,green,1
79,79,Indonesia,"Jember,TIM-TIM,Ateng",Wet Hulling,7.67,7.67,7.83,7.83,7.67,7.75,10.0,10.0,10.0,7.83,0.0,84.25,11.5,0,1,blue-green,1
80,80,Guatemala,Typica,Washed / Wet,7.58,7.92,7.67,7.75,7.83,7.75,10.0,10.0,10.0,7.75,0.0,84.25,10.0,0,0,green,1
81,81,Madagascar,Bourbon,Washed / Wet,7.92,7.92,7.58,7.75,7.58,7.67,10.0,10.0,10.0,7.83,0.0,84.25,12.1,0,0,blue-green,0
82,82,Honduras,Catuai,Washed / Wet,7.75,7.75,7.58,7.83,7.75,7.75,10.0,10.0,10.0,7.75,0.0,84.17,10.2,0,0,green,2
83,83,Guatemala,Caturra,Washed / Wet,7.58,7.92,7.58,7.83,7.75,7.67,10.0,10.0,10.0,7.75,0.0,84.08,11.0,0,3,green,2
84,84,Taiwan,unknown,Pulped natural / honey,7.83,7.92,7.83,7.58,7.58,7.67,10.0,10.0,10.0,7.67,0.0,84.08,10.8,0,0,greenish,2
85,85,Taiwan,Gesha,Natural / Dry,7.92,7.75,7.67,7.75,7.75,8.0,9.33,10.0,10.0,7.92,0.0,84.08,10.6,0,0,yello-green,0
86,86,Guatemala,Caturra,Washed / Wet,7.67,7.83,7.67,7.83,7.75,7.67,10.0,10.0,10.0,7.67,0.0,84.08,11.0,0,1,green,2
87,87,Guatemala,Caturra,Washed / Wet,7.67,7.92,7.67,7.75,7.67,7.58,10.0,10.0,10.0,7.75,0.0,84.0,11.0,0,2,green,2
88,88,Honduras,Typica,Pulped natural / honey,7.75,7.75,7.75,7.67,7.75,7.67,10.0,10.0,10.0,7.67,0.0,84.0,9.4,0,0,green,0
89,89,"Tanzania, United Republic Of",Bourbon,Washed / Wet,7.58,7.67,7.75,7.75,7.75,7.75,10.0,10.0,10.0,7.75,0.0,84.0,9.8,0,0,greenish,3
90,90,Ethiopia,Ethiopian Heirlooms,Washed / Wet,8.0,7.75,7.5,7.67,7.67,7.67,10.0,10.0,10.0,7.75,0.0,84.0,11.3,1,1,green,1
91,91,"Tanzania, United Republic Of",Bourbon,Washed / Wet,7.75,7.58,7.58,7.92,7.67,7.75,10.0,10.0,10.0,7.75,0.0,84.0,11.6,0,0,greenish,2
92,92,Colombia,Caturra,Washed / Wet,7.67,7.83,7.58,7.92,7.67,7.67,10.0,10.0,10.0,7.67,0.0,84.0,13.3,0,2,green,3
93,93,Costa Rica,Caturra,Washed / Wet,7.67,7.92,7.58,7.75,7.67,7.58,10.0,10.0,10.0,7.75,0.0,83.92,9.5,0,0,green,2
94,94,Guatemala,Gesha,Natural / Dry,7.83,7.83,7.58,7.67,7.67,7.58,10.0,10.0,10.0,7.75,0.0,83.92,11.9,0,0,greenish,0
95,95,Guatemala,Bourbon,Washed / Wet,7.58,7.83,7.58,7.75,7.67,7.75,10.0,10.0,10.0,7.75,0.0,83.92,10.0,0,1,green,2
96,96,Thailand,Catimor,Natural / Dry,7.75,7.67,7.58,7.75,7.75,7.67,10.0,10.0,10.0,7.75,0.0,83.92,11.6,0,0,yellowish,3
97,97,Colombia,,Washed / Wet,7.67,7.75,7.67,7.75,7.67,7.67,10.0,10.0,10.0,7.67,0.0,83.83,11.9,0,1,green,1
98,98,Guatemala,"BOURBON, CATURRA Y CATIMOR",Natural / Dry,7.58,7.83,7.67,7.67,7.67,7.67,10.0,10.0,10.0,7.75,0.0,83.83,10.8,0,0,green,4
99,99,Guatemala,Bourbon,Washed / Wet,7.58,7.92,7.5,7.67,7.75,7.67,10.0,10.0,10.0,7.75,0.0,83.83,10.9,0,1,greenish,4
100,100,Ethiopia,Ethiopian Heirlooms,Washed / Wet,7.83,7.67,7.5,7.92,7.5,7.67,10.0,10.0,10.0,7.75,0.0,83.83,12.0,0,0,green,12
101,101,Colombia,Caturra,Washed / Wet,7.92,7.75,7.42,7.58,7.92,7.67,10.0,10.0,10.0,7.58,0.0,83.83,12.1,2,5,green,5
102,102,United States (Hawaii),Typica,Washed / Wet,7.67,7.92,7.58,7.58,7.58,7.75,10.0,10.0,10.0,7.75,0.0,83.83,11.8,0,3,green,3
103,103,Colombia,Bourbon Sidra,Pulped natural / honey,7.67,7.92,7.67,7.58,7.67,7.67,10.0,10.0,10.0,7.58,0.0,83.75,10.6,0,0,greenish,1
104,104,Mexico,Sarchimor,Washed / Wet,7.67,7.67,7.58,7.67,7.83,7.58,10.0,10.0,10.0,7.75,0.0,83.75,11.7,4,0,green,12
105,105,Colombia,,,7.83,7.75,7.5,7.58,7.67,7.67,10.0,10.0,10.0,7.67,0.0,83.67,12.4,1,0,greenish,9
106,106,Taiwan,SL34,Washed / Wet,7.67,7.67,7.75,7.75,7.5,7.67,10.0,10.0,10.0,7.67,0.0,83.67,10.0,0,0,bluish-green,0
107,107,Myanmar,"Catimor,Catuai,Caturra,Bourbon",Natural / Dry,7.83,7.83,7.67,7.58,7.58,7.58,10.0,10.0,10.0,7.58,0.0,83.67,10.2,0,1,pale yellow,1
108,108,Taiwan,unknown,Pulped natural / honey,7.58,7.75,7.67,7.83,7.5,7.67,10.0,10.0,10.0,7.67,0.0,83.67,9.2,0,0,greenish,0
109,109,Honduras,Parainema,Natural / Dry,7.67,7.67,7.58,7.75,7.67,7.67,10.0,10.0,10.0,7.67,0.0,83.67,11.1,0,2,pale yellow,1
110,110,Taiwan,unknown,Natural / Dry,7.58,7.67,7.5,7.75,7.75,7.67,10.0,10.0,10.0,7.67,0.0,83.58,8.4,0,0,green,0
111,111,Taiwan,Typica,Pulped natural / honey,7.58,7.75,7.58,7.75,7.58,7.67,10.0,10.0,10.0,7.67,0.0,83.58,9.1,0,0,green,0
112,112,Guatemala,Caturra,Washed / Wet,7.58,7.83,7.58,7.67,7.58,7.58,10.0,10.0,10.0,7.75,0.0,83.58,10.9,0,2,green,4
113,113,Honduras,SHG,Washed / Wet,7.75,7.67,7.58,7.58,7.58,7.67,10.0,10.0,10.0,7.67,0.0,83.5,11.2,0,1,green,5
114,114,Colombia,Caturra,Washed / Wet,7.75,7.75,7.5,7.58,7.83,7.5,10.0,10.0,10.0,7.58,0.0,83.5,12.2,0,0,bluish-green,2
115,115,Thailand,Bourbon,Washed / Wet,7.42,7.83,7.58,7.67,7.67,7.75,10.0,10.0,10.0,7.58,0.0,83.5,13.1,0,0,green,0
116,116,Ethiopia,Ethiopian Heirlooms,Washed / Wet,7.42,7.42,7.42,8.0,7.92,7.67,10.0,10.0,10.0,7.67,0.0,83.5,10.4,0,1,greenish,11
117,117,Thailand,Java,Washed / Wet,7.67,7.67,7.5,7.67,7.58,7.67,10.0,10.0,10.0,7.67,0.0,83.42,11.6,0,2,green,0
118,118,Uganda,SL14,Washed / Wet,7.75,7.75,7.5,7.5,7.58,7.58,10.0,10.0,10.0,7.75,0.0,83.42,10.1,0,0,green,3
119,119,Taiwan,Typica + SL34,Washed / Wet,7.75,7.92,7.67,7.92,7.75,7.83,8.67,10.0,10.0,7.92,0.0,83.42,10.1,0,0,blue-green,0
120,120,Uganda,SL14,Washed / Wet,7.75,7.67,7.58,7.5,7.67,7.5,10.0,10.0,10.0,7.67,0.0,83.33,11.1,0,0,green,5
121,121,Taiwan,Typica,Pulped natural / honey,7.58,7.67,7.5,7.75,7.5,7.58,10.0,10.0,10.0,7.75,0.0,83.33,9.7,0,0,greenish,0
122,122,Guatemala,"MARSELLESA, CATUAI, CATURRA & MARSELLESA, ANACAFE 14, CATUAI",Washed / Wet,7.5,7.75,7.58,7.75,7.67,7.58,10.0,10.0,10.0,7.5,0.0,83.33,11.4,0,0,green,0
123,123,Taiwan,Typica,Washed / Wet,7.58,7.67,7.58,7.75,7.42,7.58,10.0,10.0,10.0,7.75,0.0,83.33,9.6,0,0,green,1
124,124,Colombia,Caturra,Washed / Wet,7.67,7.67,7.42,7.75,7.5,7.75,10.0,10.0,10.0,7.58,0.0,83.33,13.5,0,0,greenish,0
125,125,Costa Rica,Caturra,Washed / Wet,7.58,7.75,7.42,7.67,7.5,7.75,10.0,10.0,10.0,7.67,0.0,83.33,0.0,0,0,green,3
126,126,Taiwan,SL34,Washed / Wet,7.75,7.83,7.58,7.58,7.58,7.5,10.0,10.0,10.0,7.5,0.0,83.33,10.7,0,0,blue-green,1
127,127,Thailand,Typica,Washed / Wet,7.92,7.92,7.75,7.33,7.58,7.5,10.0,10.0,10.0,7.33,0.0,83.33,12.3,0,0,yellow-green,16
128,128,"Tanzania, United Republic Of",Bourbon,Washed / Wet,7.92,7.67,7.42,7.5,7.67,7.58,10.0,10.0,10.0,7.5,0.0,83.25,10.4,0,0,greenish,8
129,129,Brazil,Mundo Novo,Natural / Dry,7.58,7.5,7.5,7.83,7.67,7.5,10.0,10.0,10.0,7.67,0.0,83.25,11.6,0,0,green,4
130,130,Taiwan,unknown,Washed / Wet,7.75,7.75,7.58,7.67,7.42,7.5,10.0,10.0,10.0,7.58,0.0,83.25,9.6,0,0,green,1
131,131,Colombia,"Red Bourbon,Caturra",Anaerobico 1000h,7.67,7.67,7.58,7.67,7.58,7.58,10.0,10.0,10.0,7.5,0.0,83.25,10.9,0,0,brownish,2
132,132,Honduras,Lempira,Washed / Wet,7.67,7.75,7.67,7.58,7.5,7.58,10.0,10.0,10.0,7.5,0.0,83.25,10.5,0,0,bluish-green,3
133,133,Honduras,Catuai,Washed / Wet,7.75,7.58,7.58,7.58,7.5,7.58,10.0,10.0,10.0,7.67,0.0,83.25,11.3,0,1,green,5
134,134,Taiwan,Typica,Natural / Dry,7.75,7.75,7.5,7.75,7.5,7.42,10.0,10.0,10.0,7.5,0.0,83.17,9.7,0,0,greenish,2
135,135,Taiwan,unknown,Washed / Wet,7.67,7.67,7.5,7.58,7.58,7.5,10.0,10.0,10.0,7.67,0.0,83.17,11.8,0,0,blue-green,0
136,136,Laos,Catimor,Natural / Dry,7.67,7.75,7.33,7.67,7.58,7.5,10.0,10.0,10.0,7.58,0.0,83.08,11.8,0,0,brownish,7
137,137,Honduras,Catuai,Washed / Wet,7.67,7.67,7.5,7.58,7.58,7.5,10.0,10.0,10.0,7.58,0.0,83.08,10.6,0,2,green,7
138,138,Honduras,Catuai,Washed / Wet,7.75,7.58,7.58,7.58,7.58,7.5,10.0,10.0,10.0,7.5,0.0,83.08,9.6,0,0,green,2
139,139,Colombia,Caturra,Washed / Wet,8.0,7.67,7.42,7.58,7.58,7.42,10.0,10.0,10.0,7.33,0.0,83.0,13.1,0,0,bluish-green,1
140,140,Taiwan,Typica,Pulped natural / honey,7.5,7.67,7.58,7.58,7.5,7.5,10.0,10.0,10.0,7.58,0.0,82.92,8.9,0,0,blue-green,0
141,141,Mexico,Bourbon,Washed / Wet,7.75,7.5,7.42,7.67,7.58,7.5,10.0,10.0,10.0,7.5,0.0,82.92,11.9,2,0,green,1
142,142,Colombia,Typica Gesha,Washed / Wet,7.58,7.5,7.5,7.67,7.58,7.5,10.0,10.0,10.0,7.58,0.0,82.92,11.5,0,1,greenish,3
143,143,Taiwan,Gesha,,7.67,7.5,7.42,7.75,7.42,7.58,10.0,10.0,10.0,7.58,0.0,82.92,10.2,0,0,yellow-green,0
144,144,Honduras,Catuai,Washed / Wet,7.67,7.58,7.5,7.5,7.58,7.5,10.0,10.0,10.0,7.5,0.0,82.83,10.0,0,0,green,4
145,145,Thailand,Gayo,Washed / Wet,7.17,7.92,7.58,7.5,7.58,7.67,10.0,10.0,10.0,7.42,0.0,82.83,11.8,0,0,yellow-green,5
146,146,Vietnam,Catimor,Pulped natural / honey,7.58,7.42,7.58,7.5,7.67,7.75,10.0,10.0,10.0,7.33,0.0,82.83,13.3,0,0,green,4
147,147,Nicaragua,SHG,Natural / Dry,7.33,7.58,7.25,7.33,7.75,8.17,10.0,10.0,10.0,7.33,0.0,82.75,10.5,5,2,green,1
148,148,Costa Rica,SL28,Pulped natural / honey,7.33,7.5,7.25,7.92,7.75,7.58,10.0,10.0,10.0,7.42,0.0,82.75,11.8,0,0,pale yellow,1
149,149,Colombia,Caturra,Washed / Wet,7.58,7.67,7.58,7.5,7.33,7.5,10.0,10.0,10.0,7.5,0.0,82.67,11.8,0,1,green,2
150,150,Thailand,Caturra,Washed / Wet,7.33,7.58,7.58,7.5,7.67,7.67,10.0,10.0,10.0,7.33,0.0,82.67,13.0,1,0,greenish,0
151,151,Thailand,"Bourbon, Catimor, Caturra, Typica",Natural / Dry,7.5,7.58,7.5,7.42,7.5,7.58,10.0,10.0,10.0,7.58,0.0,82.67,11.2,0,0,yellow green,0
152,152,Honduras,Catuai,Washed / Wet,7.67,7.58,7.33,7.5,7.58,7.5,10.0,10.0,10.0,7.5,0.0,82.67,9.6,0,0,green,2
153,153,Taiwan,unknow,Natural / Dry,7.67,7.67,7.42,7.42,7.42,7.5,10.0,10.0,10.0,7.5,0.0,82.58,9.8,0,0,green,0
154,154,Taiwan,Caturra,Washed / Wet,7.67,7.58,7.42,7.42,7.5,7.5,10.0,10.0,10.0,7.5,0.0,82.58,8.4,0,0,blue-green,2
155,155,Nicaragua,Parainema,Washed / Wet,7.5,7.58,7.42,7.58,7.5,7.58,10.0,10.0,10.0,7.42,0.0,82.58,10.1,0,0,green,0
156,156,El Salvador,Bourbon,Washed / Wet,7.67,7.33,7.17,7.67,7.83,7.5,10.0,10.0,10.0,7.33,0.0,82.5,11.3,0,0,green,2
157,157,Panama,Caturra,Washed / Wet,7.75,7.67,7.17,7.67,7.42,7.42,10.0,10.0,10.0,7.42,0.0,82.5,10.0,0,0,green,0
158,158,Brazil,Mundo Novo,Natural / Dry,7.5,7.58,7.5,7.5,7.67,7.42,10.0,10.0,10.0,7.33,0.0,82.5,11.8,0,1,bluish-green,1
159,159,United States (Hawaii),Maragogype,Washed / Wet,7.33,7.58,7.5,7.5,7.5,7.58,10.0,10.0,10.0,7.5,0.0,82.5,11.7,0,0,blue-green,1
160,160,Mexico,Pacamara,Washed / Wet,7.67,7.42,7.5,7.5,7.67,7.42,10.0,10.0,10.0,7.33,0.0,82.5,10.7,0,0,pale yellow,0
161,161,Honduras,Catuai,Washed / Wet,7.58,7.58,7.33,7.5,7.58,7.42,10.0,10.0,10.0,7.5,0.0,82.5,10.6,0,0,green,8
162,162,Taiwan,unknown,Washed / Wet,7.42,7.42,7.58,7.42,7.58,7.5,10.0,10.0,10.0,7.58,0.0,82.5,8.4,0,0,green,2
163,163,Nicaragua,Caturra-Catuai,Washed / Wet,7.58,7.58,7.42,7.42,7.5,7.5,10.0,10.0,10.0,7.42,0.0,82.42,11.4,0,0,bluish-green,0
164,164,Vietnam,Catimor,Washed / Wet,7.5,7.5,7.33,7.5,7.5,7.42,10.0,10.0,10.0,7.58,0.0,82.33,10.5,0,0,bluish-green,0
165,165,El Salvador,Bourbon,Washed / Wet,7.5,7.5,7.42,7.42,7.42,7.67,10.0,10.0,10.0,7.42,0.0,82.33,12.0,0,7,green,10
166,166,El Salvador,Bourbon,Washed / Wet,7.33,7.67,7.25,7.67,7.83,7.42,10.0,10.0,10.0,7.17,0.0,82.33,11.8,0,0,bluish-green,0
167,167,Taiwan,unknown,Natural / Dry,7.67,7.58,7.42,7.5,7.33,7.42,10.0,10.0,10.0,7.42,0.0,82.33,10.8,0,0,green,1
168,168,Peru,Caturra,Washed / Wet,7.67,7.5,7.33,7.58,7.33,7.42,10.0,10.0,10.0,7.42,0.0,82.25,11.7,0,1,greenish,3
169,169,United States (Hawaii),Typica,Washed / Wet,7.75,7.42,7.33,7.5,7.33,7.5,10.0,10.0,10.0,7.33,0.0,82.17,10.6,1,0,green,5
170,170,Kenya,"SL28,SL34,Ruiru11",Washed / Wet,7.5,7.5,7.42,7.5,7.25,7.5,10.0,10.0,10.0,7.5,0.0,82.17,11.2,0,0,green,2
171,171,Honduras,Catuai,Washed / Wet,7.67,7.5,7.25,7.5,7.5,7.33,10.0,10.0,10.0,7.42,0.0,82.17,10.6,0,0,green,8
172,172,Taiwan,unknown,Washed / Wet,7.5,7.67,7.33,7.5,7.25,7.33,10.0,10.0,10.0,7.5,0.0,82.08,9.7,0,0,bluish-green,0
173,173,Taiwan,unknown,Pulped natural / honey,7.33,7.42,7.42,7.5,7.42,7.5,10.0,10.0,10.0,7.5,0.0,82.08,8.1,0,0,greenish,3
174,174,Taiwan,unknown,Washed / Wet,7.5,7.58,7.42,7.42,7.25,7.42,10.0,10.0,10.0,7.42,0.0,82.0,8.2,0,0,green,1
175,175,Thailand,Catimor,Washed / Wet,7.17,7.5,7.42,7.42,7.58,7.5,10.0,10.0,10.0,7.42,0.0,82.0,9.8,0,0,green,0
176,176,Costa Rica,Caturra,Washed / Wet,7.42,7.42,7.42,7.33,7.58,7.33,10.0,10.0,10.0,7.5,0.0,82.0,10.5,1,2,green,8
177,177,Guatemala,,Washed / Wet,7.42,7.42,7.42,7.33,7.5,7.42,10.0,10.0,10.0,7.5,0.0,82.0,11.5,0,1,blue-green,2
178,178,Indonesia,,Pulped natural / honey,7.67,7.33,7.25,7.67,7.42,7.25,10.0,10.0,10.0,7.42,0.0,82.0,12.5,0,0,bluish-green,0
179,179,Peru,Caturra,Washed / Wet,7.5,7.5,7.33,7.5,7.33,7.33,10.0,10.0,10.0,7.42,0.0,81.92,11.6,0,2,greenish,2
180,180,Guatemala,Caturra,Washed / Wet,7.33,7.42,7.33,7.42,7.58,7.42,10.0,10.0,10.0,7.42,0.0,81.92,10.3,0,0,greenish,1
181,181,Taiwan,Typica,Pulped natural / honey,7.25,7.42,7.42,7.5,7.42,7.42,10.0,10.0,10.0,7.42,0.0,81.83,11.3,0,0,green,0
182,182,Vietnam,Catimor,Pulped natural / honey,7.5,7.5,7.25,7.42,7.42,7.42,10.0,10.0,10.0,7.33,0.0,81.83,11.2,0,0,green,4
183,183,Brazil,Yellow Catuai,Pulped natural / honey,7.5,7.5,7.42,7.33,7.33,7.33,10.0,10.0,10.0,7.42,0.0,81.83,11.3,0,0,pale yellow,2
184,184,Brazil,Catucai,Natural / Dry,7.42,7.5,7.58,7.33,7.33,7.25,10.0,10.0,10.0,7.33,0.0,81.75,11.1,0,0,yellow-green,0
185,185,Colombia,Santander,Washed / Wet,7.33,7.5,7.33,7.42,7.42,7.42,10.0,10.0,10.0,7.33,0.0,81.75,11.2,0,0,yellow-green,0
186,186,Mexico,Typica,Washed / Wet,7.58,7.42,7.25,7.25,7.5,7.33,10.0,10.0,10.0,7.33,0.0,81.67,11.8,2,0,green,2
187,187,Costa Rica,Caturra,Washed / Wet,7.33,7.42,7.25,7.42,7.42,7.33,10.0,10.0,10.0,7.42,0.0,81.58,9.7,0,2,green,4
188,188,Taiwan,Typica,Pulped natural / honey,7.42,7.5,7.33,7.33,7.33,7.33,10.0,10.0,10.0,7.33,0.0,81.58,9.0,0,0,yellow-green,0
189,189,Taiwan,unknown,Pulped natural / honey,7.33,7.5,7.42,7.33,7.33,7.25,10.0,10.0,10.0,7.33,0.0,81.5,8.5,0,0,green,0
190,190,Thailand,Java,Washed / Wet,7.33,7.42,7.25,7.33,7.5,7.42,10.0,10.0,10.0,7.17,0.0,81.42,11.6,2,0,green,1
191,191,Thailand,Typica Bourbon Caturra Catimor,Natural / Dry,7.42,7.25,7.33,7.42,7.33,7.33,10.0,10.0,10.0,7.25,0.0,81.33,10.5,0,0,yellowish,5
192,192,Thailand,Catimor,Washed / Wet,7.25,7.25,7.42,7.25,7.42,7.42,10.0,10.0,10.0,7.17,0.0,81.17,10.4,0,0,green,0
193,193,Colombia,"Caturra,Colombia,Castillo",Washed / Wet,7.42,7.25,7.25,7.42,7.17,7.33,10.0,10.0,10.0,7.33,0.0,81.17,11.4,0,2,greenish,2
194,194,Brazil,,Natural / Dry,7.42,7.42,7.25,7.25,7.17,7.25,10.0,10.0,10.0,7.25,0.0,81.0,10.6,0,2,greenish,1
195,195,El Salvador,Bourbon,Natural / Dry,7.42,7.33,7.33,7.5,7.08,7.0,10.0,10.0,10.0,7.17,0.0,80.83,10.5,0,8,bluish-green,7
196,196,Nicaragua,Caturra,Washed / Wet,7.25,7.25,7.17,7.33,7.08,7.25,10.0,10.0,10.0,7.17,0.0,80.5,11.5,0,1,greenish,3
197,197,Nicaragua,Sarchimor,Washed / Wet,7.42,7.17,7.0,7.08,7.42,7.17,10.0,10.0,10.0,7.17,0.0,80.42,11.2,0,0,green,5
198,198,Colombia,"Castillo,Caturra,Bourbon",Washed / Wet,7.25,7.25,7.17,7.33,7.0,7.17,10.0,10.0,10.0,7.25,0.0,80.42,11.0,0,3,greenish,3
199,199,Peru,Caturra,Washed / Wet,7.5,7.25,7.17,7.17,7.17,7.08,10.0,10.0,10.0,7.0,0.0,80.33,11.8,0,6,greenish,11
200,200,El Salvador,Pacas,Natural / Dry,7.08,7.25,7.08,7.42,7.42,7.08,10.0,10.0,10.0,7.0,0.0,80.33,11.5,0,10,bluish-green,7
201,201,Brazil,Catuai and Mundo Novo,Natural / Dry,7.25,7.17,7.17,7.08,7.17,7.17,10.0,10.0,10.0,7.17,0.0,80.17,11.6,0,1,greenish,2
202,202,Brazil,Mundo Novo,Natural / Dry,7.17,7.17,6.92,7.17,7.42,7.17,10.0,10.0,10.0,7.08,0.0,80.08,11.4,0,0,green,4
203,203,Nicaragua,SHG,Natural / Dry,7.33,7.08,6.75,7.17,7.42,7.17,10.0,10.0,10.0,7.08,0.0,80.0,10.4,0,2,green,12
204,204,Laos,Catimor,Washed / Wet,7.25,7.17,7.08,7.0,7.08,7.08,10.0,10.0,10.0,7.0,0.0,79.67,11.6,0,9,green,11
205,205,El Salvador,Maragogype,Natural / Dry,6.5,6.75,6.75,7.17,7.08,7.0,10.0,10.0,10.0,6.83,0.0,78.08,11.0,0,12,bluish-green,13
206,206,Brazil,Mundo Novo,SEMI-LAVADO,7.25,7.08,6.67,6.83,6.83,6.67,10.0,10.0,10.0,6.67,0.0,78.0,11.3,0,0,green,1
