FarmID,Farm Name,Lot Number,Mill,ICO Number,Altitude,Region,Producer,Number of Bags,Bag Weight,In-Country Partner,Harvest Year,Grading Date
0,Finca El Paraiso,CQU2022015,Finca El Paraiso,,1700-1930,"Piendamo,Cauca",Diego Samuel Bermudez,1,35 kg,Japan Coffee Exchange,2021 / 2022,"September 21st, 2022"
1,Royal Bean Geisha Estate,"The 2022 Pacific Rim Coffee Summit,T037",Royal Bean Geisha Estate,,1200,Chiayi,曾福森,1,80 kg,Taiwan Coffee Laboratory 台灣咖啡研究室,2021 / 2022,"November 15th, 2022"
2,OKLAO coffee farms,"The 2022 Pacific Rim Coffee Summit,LA01",oklao coffee processing plant,,1300,Laos Borofen Plateau,WU TAO CHI,19,25 kg,Taiwan Coffee Laboratory 台灣咖啡研究室,2021 / 2022,"November 15th, 2022"
3,La Cumbre,CQU2022017,La Montana Tarrazu MIll,,1900,"Los Santos,Tarrazu",Santa Maria de Dota,1,22 kg,Japan Coffee Exchange,2022,"September 21st, 2022"
4,Finca Santuario,CQU2023002,Finca Santuario,,1850-2100,"Popayan,Cauca",Camilo Merizalde,2,24 kg,Japan Coffee Exchange,2022,"March 6th, 2023"
5,La Colina,"The 2022 Pacific Rim Coffee Summit,GT02",Dinámica Café,,1668,Chimaltenango,Emilio Antonio Medina Garcia,5,30 kg,Taiwan Coffee Laboratory 台灣咖啡研究室,2022,"November 15th, 2022"
6,野牡丹咖啡莊園 Melastoma Coffee Estate,"The 2022 Pacific Rim Coffee Summit,T034",野牡丹咖啡,,1250,Chiayi,黃保錫,1,27 kg,Taiwan Coffee Laboratory 台灣咖啡研究室,2021 / 2022,"November 15th, 2022"
7,七彩琉璃咖啡莊園 Chi Tsai Liu Li Ecological Farm,"The 2022 Pacific Rim Coffee Summit,T050",七彩琉璃咖啡莊園,,1200,Chiayi,莊家榮,1,90 kg,Taiwan Coffee Laboratory 台灣咖啡研究室,2021 / 2022,"November 15th, 2022"
8,亮軒咖啡莊園 Liang Xuan Coffee Farm,"The 2022 Pacific Rim Coffee Summit,T018",亮軒咖啡莊園,,1250,Chiayi,鍾旭亮,1,30 kg,Taiwan Coffee Laboratory 台灣咖啡研究室,2021 / 2022,"November 15th, 2022"
9,MASHIMA AMCOS,CN 4127230034/4189230113,GOURMET COFFEE MILL,033/DE/503/002 and 033/DE/268/002,1400-1700,KILIMANJARO,DORMAN (T) LIMITED,320,60 kg,Kenya Coffee Traders Association,2022 / 2023,"February 1st, 2023"
10,TADE GG,010/0296/600,Moledo社　委託精選場,010/0296/600,1800-2200,Guji,Tesfaye Bekele Degaga,10,30 kg,Japan Coffee Exchange,2021 / 2022,"May 31st, 2022"
11,Karen Acajabon Coffee Farm,"The 2022 Pacific Rim Coffee Summit,GT12",Cafetoland,,2000,Acatenango,Karen Acajabon,5,15 kg,Taiwan Coffee Laboratory 台灣咖啡研究室,2021,"November 15th, 2022"
12,古峰咖啡莊園 Goodfun Coffee Farm,"The 2022 Pacific Rim Coffee Summit,T051",古峰咖啡莊園,,1250,Yunlin,賴彥合,1,60 kg,Taiwan Coffee Laboratory 台灣咖啡研究室,2021 / 2022,"November 15th, 2022"
13,Gelana Geisha,"Grade 1, Guji, Natural, Gelana Geisha",Dry Mill or Hulling Facility,010/0475/0207,1900-2000,Guji,Kerchanshe,40,60 kg,METAD Agricultural Development plc,2021 / 2022,"August 26th, 2022"
14,La Gaitania,"The 2022 Pacific Rim Coffee Summit,CO03",La Gaitania,,1850,tolima,Josue Enciso Suarez,70,35 kg,Taiwan Coffee Laboratory 台灣咖啡研究室,2021 / 2022,"November 15th, 2022"
15,青葉咖啡莊園,"The 2022 Pacific Rim Coffee Summit,T014",青葉咖啡莊園,,1100,Chiayi,葉世遠,1,60 kg,Taiwan Coffee Laboratory 台灣咖啡研究室,2021 / 2022,"November 15th, 2022"
16,Halo Bariti Cooprative,CQU2023006,Halo Bariti Cooprative,,1900-2100,"Gedeb,Yirgacheffe,Sidamo",Halo Bariti Cooprative,8,5 kg,Japan Coffee Exchange,2022,"April 7th, 2023"
17,東璧咖啡莊園,202203,yes,non,1300,"Shibi, Gukeng Township, Yunlin County 郵遞區號 , Taiwan (R.O.C.)",陳景立,5,2 kg,Blossom Valley International宸嶧國際,2022,"October 24th, 2022"
18,櫻桃果古坑咖啡莊園,202112,yes,non,1200,"Gukeng Township, Yunlin County",王瀅惠,8,1 kg,Blossom Valley International宸嶧國際,2021 / 2022,"October 24th, 2022"
19,BURKA,CN 4127230032/P-9140,GOURMET COFFEE MILL,033/DE/163/001,1570-1600,Arusha,DORMAN (T) LIMITED,200,30 kg,Kenya Coffee Traders Association,2022 / 2023,"February 1st, 2023"
20,Finca Vista Hermosa,"The 2022 Pacific Rim Coffee Summit,GT03",El Vergel,,1900,"Guatemala, Fraijanes, Santa Rosa",Fredy Orantes,8,30 kg,Taiwan Coffee Laboratory 台灣咖啡研究室,2021 / 2022,"November 15th, 2022"
21,仲大叔咖啡莊園Uncle Chung.s Coffee Farm,2022/03,仲大叔咖啡莊園Uncle Chung.s Coffee Farm,,850,卓溪鄉Zhuoxi Township,游婷淯 YU TING YU,1,20 kg,Taiwan Coffee Laboratory 台灣咖啡研究室,2022,"December 12th, 2022"
22,Hom Doi,1,Machines to peel outer skin of the cherry coffee and coffee is dried manually,,1500-1700,Chiang Mai,Lisu farmers,2,1 kg,FABB Academy of Coffee,2021 / 2022,"August 16th, 2022"
23,El Diamante,CQU2023005,El Diamante,,1350,Quindio,Farm Bedoya Arango,6,5 kg,Japan Coffee Exchange,2022,"April 7th, 2023"
24,永舜咖啡莊園,"The 2022 Pacific Rim Coffee Summit, T003",永舜咖啡莊園,,1250,Yunlin,蘇甘永,4,50 kg,Taiwan Coffee Laboratory 台灣咖啡研究室,2021 / 2022,"November 15th, 2022"
25,Fazenda Recreio,Arara 1,Dry mill,,1250,Região Vulcânica,Diogo T. Dias de Macedo,25,60 kg,Brazil Specialty Coffee Association,2022,"January 6th, 2023"
26,鄒築園ZouZhouYuan,"The 2022 Pacific Rim Coffee Summit,T024",鄒築園ZouZhouYuan,,1300,Chiayi,方政倫,1,100 kg,Taiwan Coffee Laboratory 台灣咖啡研究室,2021 / 2022,"November 15th, 2022"
27,嵩岳咖啡莊園,"The 2022 Pacific Rim Coffee Summit,T048",嵩岳咖啡莊園,,1200,Yunlin,郭志豪,1,90 kg,Taiwan Coffee Laboratory 台灣咖啡研究室,2021 / 2022,"November 15th, 2022"
28,他扶芽有機農園,"The 2022 Pacific Rim Coffee Summit,T045",他扶芽有機農園,,1060,Chiayi,陳清龍,1,85 kg,Taiwan Coffee Laboratory 台灣咖啡研究室,2021 / 2022,"November 15th, 2022"
29,Hokukano Ranch,"The 2022 Pacific Rim Coffee Summit,US01",Kona Coffee & Tea,,600,Kona,Kona Hills LLC,80,15 kg,Taiwan Coffee Laboratory 台灣咖啡研究室,2021 / 2022,"November 15th, 2022"
30,鄉庭有機農場Siang-Ting Organic Farm,2022/3/1(老叢),鄉庭有機農場Siang-Ting Organic Farm,,150-250,壽豐鄉Shoufeng Township,張進義Zhang Jin-Yi,3,48 kg,Taiwan Coffee Laboratory 台灣咖啡研究室,2022,"December 12th, 2022"
31,鄉庭有機農場Siang-Ting Organic Farm,2022/02,鄉庭有機農場Siang-Ting Organic Farm,,150-250,壽豐鄉Shoufeng Township,張進義Zhang Jin-Yi,3,50 kg,Taiwan Coffee Laboratory 台灣咖啡研究室,2022,"December 12th, 2022"
32,金讚咖啡農莊園(Jinzan Coffee Estate),2022臺南市精品咖啡評鑑批次,金讚咖啡農莊園(Jinzan Coffee Estate),,668,"Dongshan Dist., Tainan City","葉明讚 (YE,MING-ZAN)",4,5 kg,Taiwan Coffee Laboratory 台灣咖啡研究室,2022,"June 8th, 2022"
33,Eshetu farm,Washed Limmu,Lata Agri export,010/1081,1950,Oromia,Eshetu,320,60 kg,METAD Agricultural Development plc,2021 / 2022,"June 6th, 2022"
34,Uraga Bisrat washing station,0065,dry mill,ICO: 010/ 0218/0065,2150 - 2350,Southern Ethiopia Guji,Bisrat Melaku,320,60 kg,METAD Agricultural Development plc,2021 / 2022,"September 30th, 2022"
35,YHAENU PLC FARM,1,GUJI COFFEE EXPORT P.L.C,010/0891/00041,1700,OROMIA,YHAENU PLC,320,19200 kg,METAD Agricultural Development plc,2021 / 2022,"December 12th, 2022"
36,卓武山咖啡農場,"The 2022 Pacific Rim Coffee Summit, T004",卓武山咖啡農場,,1200,Chiayi,許定燁,1,100 kg,Taiwan Coffee Laboratory 台灣咖啡研究室,2021 / 2022,"November 15th, 2022"
37,御香咖啡園 YU SIANG Coffee Estate,2022臺南市精品咖啡評鑑批次,御香咖啡園 YU SIANG Coffee Estate,,650,"Dongshan Dist., Tainan City","陳建源(CHEN, JIAN-YUAN)",20,5 kg,Taiwan Coffee Laboratory 台灣咖啡研究室,2022,"June 8th, 2022"
38,Small Holder,5516,NKG,,1600-1900,Central,Small Holder,300,60 kg,Kenya Coffee Traders Association,2022 / 2023,"February 28th, 2023"
39,皇庭咖啡莊園,202203,yes,non,850,"Caoling , Gukeng Township, Yunlin County",陳榮豐,20,1 kg,Blossom Valley International宸嶧國際,2017 / 2018,"October 24th, 2022"
40,花蓮縣秀林鄉特用作物（咖啡）產銷第一班Agriculture Production and Marketing Groups of Hualien Shlin township special crop (coffee) 1st class,2022/01,花蓮縣秀林鄉特用作物（咖啡）產銷第一班Agriculture Production and Marketing Groups of Hualien Shlin township special crop (coffee) 1st class,,300-500,秀林鄉Show Linxia Township,李志祥 Li Zhi-xia,1,10 kg,Taiwan Coffee Laboratory 台灣咖啡研究室,2022,"December 12th, 2022"
41,八一高地,屏東縣三地門鄉德文段,乾燥機、脫殼機,,1000,台灣屏東,陳科翰,1,2 kg,Taiwan Coffee Laboratory 台灣咖啡研究室,2021 / 2022,"December 30th, 2022"
42,香夾蘭莊園,A26-Northern Taiwan Specialty Coffee Evaluation,香夾蘭莊園,,800,苗栗縣,黃簡秋蘭,1,50 kg,Taiwan Coffee Laboratory 台灣咖啡研究室,2021 / 2022,"January 6th, 2023"
43,Gideon Kule,7938,Dry Mill,11/35,1905,Rwenzori,Kyagalanyi coffee limited,320,60 kg,Uganda Coffee Development Authority,2021 / 2022,"June 29th, 2022"
44,愛姬咖啡莊園iGfarm,2021/01,愛姬咖啡莊園iGfarm,,150,壽豐鄉Shoufeng Township,劉孟宗 LIU MENG TSUNG,1,50 kg,Taiwan Coffee Laboratory 台灣咖啡研究室,2021 / 2022,"December 12th, 2022"
45,青山坪咖啡農場,"The 2022 Pacific Rim Coffee Summit,T011",青山坪咖啡農場,,800,Yunlin,王清連,6,50 kg,Taiwan Coffee Laboratory 台灣咖啡研究室,2021 / 2022,"November 15th, 2022"
46,varias fincas,11/15/118,Beneficio Pastores,11/15/118,1600,Antigua,Varios productores,600,30 kg,Asociacion Nacional Del Café,2022 / 2023,"April 17th, 2023"
47,PEÑA BLANCA,11/951/279,BENEFICIO LAS AMERICAS,11/951/279,4700,Santa Rosa,PABLO CHUY,632,30 kg,Asociacion Nacional Del Café,2022 / 2023,"February 23rd, 2023"
48,san francisco cotzal,11/441/50,"inmobiliaria e inversiones dos mil, s.a.",11/441/50,1600,quiche,san francisco cotzal,275,69 kg,Asociacion Nacional Del Café,2021 / 2022,"June 22nd, 2022"
49,六曲窩,A03-Northern Taiwan Specialty Coffee Evaluation,六曲窩,,350-400,新竹縣,黃俊淦,1,13 kg,Taiwan Coffee Laboratory 台灣咖啡研究室,2021 / 2022,"January 6th, 2023"
50,北平山林,A23-Northern Taiwan Specialty Coffee Evaluation,北平山林,,230,新竹縣,戴禎男,1,4 kg,Taiwan Coffee Laboratory 台灣咖啡研究室,2021 / 2022,"January 6th, 2023"
51,PT Indo CafCo North Sumatera,016/1513/262,PT Indo CafCo,,1200,Aceh Tengah,PT Indo CafCo North Sumatera,320,60 kg,NKG Quality Service (a division of Bernhard Rothfos Intercafé AG),2022,"September 23rd, 2022"
52,Ruya Yayu Farm,"The 2022 Pacific Rim Coffee Summit,PE02",no.,,1750,Villa Rica,Ruya Yayu,3,5 kg,Taiwan Coffee Laboratory 台灣咖啡研究室,2022,"November 15th, 2022"
53,IYENGA,S59588/P03989,CITY COFFEE LTD,0033/0004,1654,Mbeya,IYENGA AMCOS,620,30 kg,Kenya Coffee Traders Association,2022 / 2023,"November 9th, 2022"
54,優遊吧斯瑪翡咖啡莊園,"The 2022 Pacific Rim Coffee Summit,T029",優遊吧斯瑪翡咖啡莊園,,1300,Chiayi,鄭虞坪,1,25 kg,Taiwan Coffee Laboratory 台灣咖啡研究室,2021 / 2022,"November 15th, 2022"
55,森悅高峰咖啡莊園,"The 2022 Pacific Rim Coffee Summit,T039",森悅高峰咖啡莊園,,1400,Nantou,吳振宏,1,30 kg,Taiwan Coffee Laboratory 台灣咖啡研究室,2021 / 2022,"November 15th, 2022"
56,Fazenda Guariroba,FBT111,Wet-Hulling,002-1894-0006,1100,Campo das Vertentes,Homero Paiva,5,36 kg,Japan Coffee Exchange,2022,"February 13th, 2023"
57,La Santa,2-237-05,La Santa,2-237-05,1200,Boquete,La Santa,200,30 kg,Specialty Coffee Association of Costa Rica,2022 / 2023,"April 26th, 2023"
58,嵐雲綠海咖啡,屏東縣瑪家鄉,乾燥機、脫殼機,,1200,台灣屏東,卓榮華,1,2 kg,Taiwan Coffee Laboratory 台灣咖啡研究室,2021 / 2022,"December 30th, 2022"
59,Varias Fincas,11/15/117,Varios Beneficios,11/15/117,1600,Huehuetenango,Varios Productores,600,30 kg,Asociacion Nacional Del Café,2022 / 2023,"April 28th, 2023"
60,SAN RAFAEL URIAS VALDES,11/54876/03,ECO COFFEE,11/54876/03,4895,ANTIGUA GUATEMALA,"VALBROS, S. A.",66,30 kg,Asociacion Nacional Del Café,2021 / 2022,"May 19th, 2022"
61,Gamboa Farm,12075,Beneficio Montañas del Diamante,5-0025-0131,1850,Tarrazu,Martin Gutierrez,260,69 kg,Specialty Coffee Association of Costa Rica,2022 / 2023,"April 19th, 2023"
62,羅馬8號莊園,A11-Northern Taiwan Specialty Coffee Evaluation,羅馬8號莊園,,200-300,新竹縣,羅政宏,1,16 kg,Taiwan Coffee Laboratory 台灣咖啡研究室,2021 / 2022,"January 6th, 2023"
63,大鋤花間(Dachu Coffee Estate),2022臺南市精品咖啡評鑑批次,大鋤花間(Dachu Coffee Estate),,700,"( Dongshan Dist., Tainan City)","郭雅聰（KUO,YA-TSUNG）",16,5 kg,Taiwan Coffee Laboratory 台灣咖啡研究室,2022,"June 8th, 2022"
64,Finca Las Dos Marias,10 1.1,"Compare Coperativo Condega, Esteli, Nicaragua",,1350,ESTELI,NicaNoLA Coffee,74,45 kg,Specialty Coffee Association,2021 / 2022,"June 9th, 2022"
65,雅慕伊咖啡莊園,"The 2022 Pacific Rim Coffee Summit,T036",雅慕伊咖啡莊園,,1250,Chiayi,浦瀚文,1,80 kg,Taiwan Coffee Laboratory 台灣咖啡研究室,2021 / 2022,"November 15th, 2022"
66,名陽園,"The 2022 Pacific Rim Coffee Summit,T042",名陽園,,1450,Chiayi,王政淵,1,104 kg,Taiwan Coffee Laboratory 台灣咖啡研究室,2021 / 2022,"November 15th, 2022"
67,CupnCare,"The 2022 Pacific Rim Coffee Summit,VN02",CupnCare,,650,Quang Tri,TONG PHUC LAM TRADING SERVICES COMPANY LIMITED,3,5 kg,Taiwan Coffee Laboratory 台灣咖啡研究室,2021 / 2022,"November 15th, 2022"
68,La Cumbre,CQU2022018,La Montana Tarrazu MIll,,1900,"Los Santos,Tarrazu",Santa Maria de Dota,1,22 kg,Japan Coffee Exchange,2022,"October 4th, 2022"
69,苗55咖啡莊園,A37-Northern Taiwan Specialty Coffee Evaluation,苗55咖啡莊園,,520,苗栗縣,李鴻儀,1,300 kg,Taiwan Coffee Laboratory 台灣咖啡研究室,2021 / 2022,"January 6th, 2023"
70,La Cuchilla,36,Global Coffee,13-111-027,1368,"Centro, Lagunetillas-Ajuterique, Comayagua",Jose Nahum Maldonado,340,69 kg,Instituto Hondureño del Café,2022 / 2023,"April 25th, 2023"
71,TRACON TRADING PLC,0712,5.2Ha,010/0148/0712,1943,Ethiopia,TRACON TRADING PLC,584,30 kg,Blossom Valley International宸嶧國際,2021 / 2022,"August 23rd, 2022"
72,917農場 (917 Farm),2021/11,917農場 (917 Farm),,400,玉里鎮Yuli Township,黃怡瑄 Huang Yi-xuan,1,20 kg,Taiwan Coffee Laboratory 台灣咖啡研究室,2021 / 2022,"December 12th, 2022"
73,皇庭咖啡莊園,"The 2022 Pacific Rim Coffee Summit,T031",皇庭咖啡莊園,,850,Yunlin,陳榮豐,1,100 kg,Taiwan Coffee Laboratory 台灣咖啡研究室,2021 / 2022,"November 15th, 2022"
74,Finca Alta Luz,11-63-657,,11-63-657,1300-1400,Huehuetenango,Maria de los Angeles Perez,600,30 kg,Asociacion Nacional Del Café,2022 / 2023,"April 26th, 2023"
75,Miranda's Farm,Islander’s Coffee for Pacific Rim Summit,Greenwell,,1300,Ka'u district of Big Island,Jose & Berta Miranda,10,10 kg,Taiwan Coffee Laboratory 台灣咖啡研究室,2022,"November 9th, 2022"
76,Bisrat Melaku Washing Station,0065,Washing Station,010/ 0218/0065,2361,Addis Ababa,Bisrat Melaku,320,60 kg,METAD Agricultural Development plc,2021 / 2022,"September 19th, 2022"
77,San Nicolas,"The 2022 Pacific Rim Coffee Summit,SV01",San Nicolas,,1500,Chalatenango,various producers,20,30 kg,Taiwan Coffee Laboratory 台灣咖啡研究室,2021,"November 15th, 2022"
78,Asociacion Tayronaca,NPCO-17418,Trilladora Santa Tirsa,,2100,Sierra Nevada de Santa Marta,Grupo Tap,275,70 kg,ASOCIACIÓN COLOMBIANA PARA LA EXCELENCIA DEL CAFE,2021 / 2022,"May 11th, 2022"
79,"Lintong Nihuta/Dolok Sanggul,Sumatera Utara",CQU2022018,"Lintong Nihuta/Dolok Sanggul,Sumatera Utara",,1250-1350,"Lintong Nihuta/Dolok Sanggul,Sumatera Utara","Lintong Nihuta/Dolok Sanggul,Sumatera Utara",1,60 kg,Japan Coffee Exchange,2022,"September 21st, 2022"
80,San jose del lago,11/15/96,San jose del lago,11/15/96,1600,Atitlán,"Cafetalera Paquim, S.A.",55,30 kg,Asociacion Nacional Del Café,2022 / 2023,"April 17th, 2023"
81,Mandroso,1,On the farm (mechanical huller and polisher / sorting by hand),,1500,Itasy,Marc Dumont,5,60 kg,NKG Quality Service (a division of Bernhard Rothfos Intercafé AG),2022,"December 12th, 2022"
82,La Cuchilla,8,Global Coffee,13-111-030,1368,"Centro, Lagunetillas-Ajuterique, Comayagua",Jose Nahum Maldonado,345,30 kg,Instituto Hondureño del Café,2022 / 2023,"April 25th, 2023"
83,san francisco cotzal,11/441/49,"inmobiliaria e inversiones dos mil, s.a.",11/441/49,1600,quiche,san francisco cotzal,275,69 kg,Asociacion Nacional Del Café,2021 / 2022,"May 19th, 2022"
84,竹崙子莊園,A32-Northern Taiwan Specialty Coffee Evaluation,竹崙子莊園,,150,新北市,邱建明,1,110 kg,Taiwan Coffee Laboratory 台灣咖啡研究室,2021 / 2022,"January 6th, 2023"
85,元富咖啡莊園,"The 2022 Pacific Rim Coffee Summit,T017",元富咖啡莊園,,800,Yunlin,李泓錡,1,80 kg,Taiwan Coffee Laboratory 台灣咖啡研究室,2021 / 2022,"November 15th, 2022"
86,varias fincas,11/15/51,El Trèbol/Lìnea Gourmet,11/15/51,1500-1600,Oriente Santa rosa,varios productores,430,30 kg,Asociacion Nacional Del Café,2022 / 2023,"March 22nd, 2023"
87,varias fincas,11/15/59,El Trebol/Linea Gourmet,11/15/59,1500-1600,Sierra de las minas,varios productores,200,30 kg,Asociacion Nacional Del Café,2022 / 2023,"March 22nd, 2023"
88,finca de la casa,"The 2022 Pacific Rim Coffee Summit,HN04",De la casa,,1800,"San Andrés, Lempira",Irma Consuelo Bonilla Hernandez,16,30 kg,Taiwan Coffee Laboratory 台灣咖啡研究室,2021 / 2022,"November 15th, 2022"
89,KONGONI ESTATE,CN 4127230031/P-9139,RAFIKI MILL,033/DE/491/001,1600-1750,ARUSHA,DORMAN (T) LTD,200,60 kg,Kenya Coffee Traders Association,2022 / 2023,"January 3rd, 2023"
90,Ecom Agroindustrial,1077,Beneficio humedo,010-0424-0586,1800,Sidama,Ecom Agroindustrial,300,60 kg,Centro Agroecológico del Café A.C.,2021 / 2022,"November 18th, 2022"
91,MASHIMA AMCOS,CN 4127220159/4189220459,GOURMET COFFEE MILL,033/0010/022,1400-1700,KILIMANJARO,DORMAN,320,60 kg,Kenya Coffee Traders Association,2022 / 2023,"November 21st, 2022"
92,COO,3-002-00883,Laumayer Armenia,,1400-1700,Huila,Cooperativa Central de Caficultores del Huila,275,70 kg,NKG Quality Service (a division of Bernhard Rothfos Intercafé AG),2022,"July 27th, 2022"
93,Gamboa Farm,12077-01,Beneficio Montañas del Diamante,5-0025-0132,1850,Tarrazu,Martin Gutierrez,250,35 kg,Specialty Coffee Association of Costa Rica,2022 / 2023,"April 19th, 2023"
94,El Morito,"The 2022 Pacific Rim Coffee Summit,GT01",Sube,,1900,New Oriente,Various producers,1,15 kg,Taiwan Coffee Laboratory 台灣咖啡研究室,2021,"November 15th, 2022"
95,San jose del lago,11/15/95,San jose del lago,11/15/95,1600,Atitlán,"Cafetalera Paquim, S.A.",35,30 kg,Asociacion Nacional Del Café,2022 / 2023,"April 17th, 2023"
96,Baan San Charoen,CQU2022016,Baan San Charoen,,1300-1400,Nan,Phaibul Kitcharoen,1,30 kg,Japan Coffee Exchange,2022,"September 21st, 2022"
97,,3/37/1370,"Racafé & CIA S.C.A, Km 5 Vía Pereira",3/37/1370,1411,Pereira,RACAFE & CIA SCA,375,70 kg,Japan Coffee Exchange,2022 / 2023,"April 17th, 2023"
98,FINCA ALTA LUZ,11/63/908,,11/63/908,1400,HUEHUETENANGO,MARIA DE LOS ANGELES PEREZ,600,30 kg,Asociacion Nacional Del Café,2021 / 2022,"May 13th, 2022"
99,SAN RAFAEL URIAS VALDES,AMNI-22-0905,"BENEFICIO SANTA RITA, S. A.",11/54876/01,4895 A 5650,ANTIGUA GUATEMALA,"VALBROS, S. A.",635,30 kg,Asociacion Nacional Del Café,2021 / 2022,"May 19th, 2022"
100,Gerbicho Lela Cooperative,1,Sidama Coffee Farmers Cooperative Union,010/0145/0064,2000,Sidama,Sidama Coffee Farmers Cooperative Union,100,60 kg,Kenya Coffee Traders Association,2021 / 2022,"September 9th, 2022"
101,N / A,3-0068-00886,Trilladora Popayán,3-0068-00886,1700,Cauca,Regional producers,285,70 kg,ASOCIACIÓN COLOMBIANA PARA LA EXCELENCIA DEL CAFE,2022 / 2023,"February 22nd, 2023"
102,various farms,"The 2022 Pacific Rim Coffee Summit,US02",Aloha Hills Kona Coffee,,400-600,Ka'u,Isla Custom Coffees,4,15 kg,Taiwan Coffee Laboratory 台灣咖啡研究室,2022,"November 15th, 2022"
103,La Gallera,"The 2022 Pacific Rim Coffee Summit,CO02",La Gallera,,1800,Tolima,Oscar Javier Paez & Family,40,35 kg,Taiwan Coffee Laboratory 台灣咖啡研究室,2022,"November 15th, 2022"
104,Finca Custepec,312,exportadora de cafe california,016-2028-0312,1200,Chiapas,Armando Pohlenz,600,30 kg,Centro Agroecológico del Café A.C.,2022 / 2023,"April 5th, 2023"
105,,,,,,,,1,1 kg,Barista and Coffee Academy of Asia,2022,"September 26th, 2022"
106,永舜咖啡莊園,202203,yes,non,1250,"Caoling , Gukeng Township, Yunlin County",蘇甘永,50,2 kg,Blossom Valley International宸嶧國際,2022,"October 24th, 2022"
107,Aromatic,"The 2022 Pacific Rim Coffee Summit,MM01",Aromatic,,1400,South Shan State,Lim,100,30 kg,Taiwan Coffee Laboratory 台灣咖啡研究室,2022,"November 15th, 2022"
108,恆珊農場,A05-Northern Taiwan Specialty Coffee Evaluation,恆珊農場,,200-400,新竹縣,羅以珊,1,13 kg,Taiwan Coffee Laboratory 台灣咖啡研究室,2021 / 2022,"January 6th, 2023"
109,Maria Bonita,"The 2022 Pacific Rim Coffee Summit,HN01","Cafe Organic Marcala, S.A. (COMSA)",,1470,"San Jose, La Paz",Pedro Turcios,9,15 kg,Taiwan Coffee Laboratory 台灣咖啡研究室,2021,"November 15th, 2022"
110,正源咖啡,A30-Northern Taiwan Specialty Coffee Evaluation,正源咖啡,,250-400,新竹縣,彭文正,1,10 kg,Taiwan Coffee Laboratory 台灣咖啡研究室,2021 / 2022,"January 6th, 2023"
111,宋明光	蝙蝠洞莊園	蝙蝠洞莊園,A14-Northern Taiwan Specialty Coffee Evaluation,宋明光	蝙蝠洞莊園	蝙蝠洞莊園,,250-300,新竹縣,宋明光,1,10 kg,Taiwan Coffee Laboratory 台灣咖啡研究室,2021 / 2022,"January 6th, 2023"
112,SAN FRANCISCO COTZAL,P-4142,"INMOBILIARIA E INVERSIONES DOS MIL, S. A.",11/441/50,1600,QUICHE,SAN FRANCISCO COTZAL,275,69 kg,Asociacion Nacional Del Café,2021 / 2022,"May 19th, 2022"
113,varias,AMNI-22-6011-1,Beneficio seco,13-167-471,1400,Marcala,comsa,260,69 kg,Instituto Hondureño del Café,2021 / 2022,"August 17th, 2022"
114,La fortaleza,3-0104-00202 Popayán Supremo,Trilladora Pubenza,3-0104-00202,1700,Popayán Cauca,La fortaleza,600,30 kg,ASOCIACIÓN COLOMBIANA PARA LA EXCELENCIA DEL CAFE,2022,"January 18th, 2023"
115,Doi Tung Development Project,BOURBON 21/22 (Coffea Arabica),Dry Mill,,1200 - 1580,North of Thailand,Doi Tung Development Project,2,1 kg,FABB Academy of Coffee,2022,"July 14th, 2022"
116,YHAENU PLC FARM,1,GUJI COFFEE EXPORT P.L.C,,1700,OROMIA,YHAENU PLC,320,19200 kg,METAD Agricultural Development plc,2021 / 2022,"November 30th, 2022"
117,Doi Nan,CQU2022011,Doi Nan,,1450,Suan Ya Lung,Chalerm,5,2 kg,Japan Coffee Exchange,2022,"June 16th, 2022"
118,Bugisu Shamba,035/170/5021210,Kawacom,,1400 - 1900,Mt Elgon,Kawacom Uganda Ltd,150,60 kg,Uganda Coffee Development Authority,2021 / 2022,"July 7th, 2022"
119,香香久溢咖啡莊園,"The 2022 Pacific Rim Coffee Summit,T022",香香久溢咖啡莊園,,1100,Chiayi,吳昭昀,1,40 kg,Taiwan Coffee Laboratory 台灣咖啡研究室,2021 / 2022,"November 15th, 2022"
120,Masereka William,7969,Dry Mill,11/35,1905,Rwenzori,Kyagalanyi coffee limited,320,60 kg,Uganda Coffee Development Authority,2021 / 2022,"September 1st, 2022"
121,四分子道,A04-Northern Taiwan Specialty Coffee Evaluation,四分子道,,200-300,新竹縣,林士傑,1,8 kg,Taiwan Coffee Laboratory 台灣咖啡研究室,2021 / 2022,"January 6th, 2023"
122,MI CAFECITO & LA PROVIDENCIA,1,MI CAFECITO + AGUA SANTA LA PROVIDENCIA + AGUA SANTA,,1280-1325,NEW ORIENTE & HUEHUETENANGO,500 PRODUCERS,320,60 kg,Taiwan Coffee Laboratory 台灣咖啡研究室,2021,"December 30th, 2022"
123,木華莊園,A21-Northern Taiwan Specialty Coffee Evaluation,木華莊園,,300,桃園市,簡進財,1,80 kg,Taiwan Coffee Laboratory 台灣咖啡研究室,2021 / 2022,"January 6th, 2023"
124,El Laurel,1,Hulling facility,,1100,Sierra Nevada de Santa Marta,Eric SELLIN,2,1 kg,FABB Academy of Coffee,2021 / 2022,"September 30th, 2022"
125,Gamboa Farm,12074,Beneficio Montañas del Diamante,5-0025-0130,1850,Tarrazu,Martin Gutierrez,320,69 kg,Specialty Coffee Association of Costa Rica,2022 / 2023,"April 19th, 2023"
126,東泓咖啡莊園,"The 2022 Pacific Rim Coffee Summit,T019",東泓咖啡莊園,,750,Yunlin,陳善東,1,100 kg,Taiwan Coffee Laboratory 台灣咖啡研究室,2021 / 2022,"November 15th, 2022"
127,Doi Tung Development Project,TYPICA 21/22 (Coffea Arabica),Dry Mill,,1300-1500,North of Thailand,Doi Tung Development Project,2,1 kg,FABB Academy of Coffee,2022,"July 14th, 2022"
128,MASHIMA AMCOS,CN 4127220163/4189220459,GOURMET COFFEE MILL,033/0010/032,1400-1700,KILIMANJARO,DORMAN TANZANIA LTD,320,60 kg,Kenya Coffee Traders Association,2022 / 2023,"January 3rd, 2023"
129,Fazenda Conquista e Capoeirinha,004/22,Dry mill,,950,Sul de Minas,Ipanema Agrícola SA,960,60 kg,Brazil Specialty Coffee Association,2022 / 2023,"February 13th, 2023"
130,棒棒有機農場,A41-Northern Taiwan Specialty Coffee Evaluation,棒棒有機農場,,1100-1200,苗栗縣,林木青,1,320 kg,Taiwan Coffee Laboratory 台灣咖啡研究室,2021 / 2022,"January 6th, 2023"
131,Buenos Aires,CQU2023003,Buenos Aires,,1390,Quindio,Chucho Bedoya,2,12 kg,Japan Coffee Exchange,2022,"April 7th, 2023"
132,La Bendicion,"The 2022 Pacific Rim Coffee Summit,HN03","COMSA (Cafe Organic Marcala, S.A)",,1600,"Marcala, La Paz",Joaquin Suazo,9,15 kg,Taiwan Coffee Laboratory 台灣咖啡研究室,2021,"November 15th, 2022"
133,varias,AMNI-22-6011-2,Beneficio seco,13-167-471-2,1400,Marcala,comsa,260,69 kg,Instituto Hondureño del Café,2021 / 2022,"August 17th, 2022"
134,蜜多莊園,A35-Northern Taiwan Specialty Coffee Evaluation,蜜多莊園,,200-300,新竹縣,張新榮,1,16 kg,Taiwan Coffee Laboratory 台灣咖啡研究室,2021 / 2022,"January 6th, 2023"
135,迎曦山丘,A20-Northern Taiwan Specialty Coffee Evaluation,迎曦山丘,,340,苗栗縣,翁召安,1,100 kg,Taiwan Coffee Laboratory 台灣咖啡研究室,2021 / 2022,"January 6th, 2023"
136,Nongluang Bolaven Plateau,DCN03.11.2022,Dao Heuang Group,,1200 - 1300,"Nongluang Bolaven Plateau, Champasack, Lao PDR",Dao Heuang Group,26,60 kg,Specialty Coffee Association of Indonesia,2022,"December 30th, 2022"
137,La Cuchilla,187,CIGRAH,13-111-059,1368,"Centro, Lagunetillas - Ajuterique, Comayagua",Fausto Nahun Maldonado,250,69 kg,Instituto Hondureño del Café,2021 / 2022,"May 23rd, 2022"
138,Bethel,198,CADEXSA,13-63-119,1450,"Los Planes de Santa Maria, La Paz",Omar Acosta,325,69 kg,Instituto Hondureño del Café,2022 / 2023,"April 25th, 2023"
139,EL PRADO,3-59-0654,NEIVA,3-59-0654,1650,HUILA,FRANKLIN DUSSAN,600,30 kg,ASOCIACIÓN COLOMBIANA PARA LA EXCELENCIA DEL CAFE,2022 / 2023,"January 13th, 2023"
140,樹橋窩莊園,A17-Northern Taiwan Specialty Coffee Evaluation,樹橋窩莊園,,250-300,新竹縣,王維書,1,12 kg,Taiwan Coffee Laboratory 台灣咖啡研究室,2021 / 2022,"January 6th, 2023"
141,Finca Tequihua,001,"Coatepec, Veracruz",3093,1350,"ZONGOLICA, VERACRUZ",Martin Tequihuatle Zepahua,141,69 kg,Centro Agroecológico del Café A.C.,2021 / 2022,"August 11th, 2022"
142,La Argentina,CQU2022013,La Argentina,,1350,Quindio,Augusto Torres,1,12 kg,Japan Coffee Exchange,2021 / 2022,"June 16th, 2022"
143,嵩岳咖啡莊園,202203,yes,non,1200,"Shibi, Gukeng Township, Yunlin County 郵遞區號 , Taiwan (R.O.C.)",郭亮志,300,1 kg,Blossom Valley International宸嶧國際,2022,"October 24th, 2022"
144,Varias,273,Beneficio Seco Comsa,13-167-181,1280,Marcala,Varios,275,69 kg,Instituto Hondureño del Café,2022 / 2023,"April 24th, 2023"
145,Doi Tung Development Project,GAYO 21/22 (Coffea Arabica),Dry Mill,,1300-1500,North of Thailand,Doi Tung Development Project,2,1 kg,FABB Academy of Coffee,2022,"July 14th, 2022"
146,Ea tan Cooperative,VHA- S3,SIMEXCO DAKLAK LTD,,900,"Eatan Commune, Krong Nang District, Krong Nang Province",Ea Tan Cooperative,22,60 kg,Specialty Coffee Association,2021 / 2022,"June 3rd, 2022"
147,Finca San Felipe,017-053-0017,Beneficio Atlantic Sébaco,017-053-0017,1200,Matagalpa,Exportadora Atlantic S.A.,275,69 kg,Asociación de Cafés Especiales de Nicaragua,2022 / 2023,"January 30th, 2023"
148,AMA EL AROMA Micro lot - Sunrise,"The 2022 Pacific Rim Coffee Summit,CR01",Micro mill,,1450,west Villege,various producers,10,30 kg,Taiwan Coffee Laboratory 台灣咖啡研究室,2021,"November 15th, 2022"
149,Federación Nacional de Cafeteros de Colombia,3/01/12857,Federación Nacional de Cafeteros de Colombia,3/01/12857,1700,Huila,Federación Nacional de Cafeteros de Colombia,250,70 kg,Japan Coffee Exchange,2022,"July 11th, 2022"
150,Doi Tung Development Project,CATURRA 21/22 (Coffea Arabica),Dry Mill,,1200 - 1580,North of Thailand,Doi Tung Development Project,2,1 kg,FABB Academy of Coffee,2022,"July 14th, 2022"
151,Kevin Coffee,21/22,Dry mill,,1200,Chiang Mai,Kevin Wattana,6,50 kg,Specialty Coffee Institute of Thailand,2021 / 2022,"June 14th, 2022"
152,Bethel,197,CADEXSA,13-63-118,1450,los planes de santa maria la paz,Omar Acosta,325,69 kg,Instituto Hondureño del Café,2022 / 2023,"April 25th, 2023"
153,銅鏡莊園,A01-Northern Taiwan Specialty Coffee Evaluation,銅鏡莊園,,165,苗栗縣,吳聲發,1,4 kg,Taiwan Coffee Laboratory 台灣咖啡研究室,2021 / 2022,"January 6th, 2023"
154,掬香園,A22-Northern Taiwan Specialty Coffee Evaluation,掬香園,,465,苗栗縣,謝櫞楨,1,32 kg,Taiwan Coffee Laboratory 台灣咖啡研究室,2021 / 2022,"January 6th, 2023"
155,Finca Las Dos Marias,4 -3.1,"Compare Coperativo Condega, Esteli, Nicaragua",,1350,ESTELI,NicaNoLA Coffee,120,45 kg,Specialty Coffee Association,2021 / 2022,"June 20th, 2022"
156,Agua Caliente,1-26,Agua Caliente,9-392-35,1200,Apaneca - Ilamatepec,"J.J. Borja Nathan, S.A.",600,30 kg,Salvadoran Coffee Council,2022 / 2023,"March 3rd, 2023"
157,Finca Lerida,P03769,Finca Lerida,29-169-003,1200,Boquete,Finca Lerida,200,30 kg,Specialty Coffee Association of Costa Rica,2021 / 2022,"May 25th, 2022"
158,Fazenda Pedra Preta,MVB-QCert-001/2022,COPAG VARGINHA,002/1643/0049,1100,MANTIQUEIRA / SUL DE MINAS,Eduardo Niero de Souza,620,30 kg,Brazil Specialty Coffee Association,2022 / 2023,"November 3rd, 2022"
159,Kainaliu Farm,"The 2022 Pacific Rim Coffee Summit,US03",Aloha Hills Kona Coffee,,640,Kona,Kainaliu-Kona Coffee Company,4,15 kg,Taiwan Coffee Laboratory 台灣咖啡研究室,2022,"November 15th, 2022"
160,Las Trincheras,"The 2022 Pacific Rim Coffee Summit,MX01",Las Trincheras,,1340,Veracruz,Jose Cienfuegos,10,15 kg,Taiwan Coffee Laboratory 台灣咖啡研究室,2021,"November 15th, 2022"
161,La Cuchilla,185,CIGRAH,13-111-057,1368,"Centro, Lagunetillas - Ajuterique, Comayagua",Fausto Nahun Maldonado,345,30 kg,Instituto Hondureño del Café,2021 / 2022,"May 23rd, 2022"
162,弘欣咖啡園,A02-Northern Taiwan Specialty Coffee Evaluation,弘欣咖啡園,,139,新竹縣,胡明杰,1,200 kg,Taiwan Coffee Laboratory 台灣咖啡研究室,2021 / 2022,"January 6th, 2023"
163,Finca Aurora,1,Beneficio Seco Finca Aurora,,1200-1350,"Matagalpa, Nicaragua",Sabio Coffee - Enrique Ferrufino & Tania Ferrufino,275,69 kg,Taiwan Coffee Laboratory 台灣咖啡研究室,2021 / 2022,"December 30th, 2022"
164,Apollo Estate,Apollo Washed 2021,Dry Mill,,1040,Dalat,"Yeh,Li Chuan",77,15 kg,Specialty Coffee Association,2021,"June 1st, 2022"
165,Agua Caliente,1-26,Agua Caliente,9-392-35,1200,Apaneca - Ilamatepec,"J.J. Borja Nathan, S.A.",600,30 kg,Salvadoran Coffee Council,2022 / 2023,"February 21st, 2023"
166,Agua Caliente,1-74,Agua Caliente,09-392-144,1200,Apaneca - Ilamatepec,"J.J. Borja Nathan, S.A.",275,69 kg,Salvadoran Coffee Council,2021 / 2022,"July 7th, 2022"
167,寶山謐靚,A48-Northern Taiwan Specialty Coffee Evaluation,寶山謐靚,,140,新竹縣,宋煦仁,1,5 kg,Taiwan Coffee Laboratory 台灣咖啡研究室,2021 / 2022,"January 6th, 2023"
168,Fundo La Libertado,PR138,Planta Callao,,1600,"Chanchamayo, La Merced",Sand Crispin Espiritu,275,69 kg,Japan Coffee Exchange,2022 / 2023,"July 11th, 2022"
169,Manny's Farm,Islander’s Coffee for Pacific Rim Summit,Manny's Farm,,1200,Kona district of Big Island,Manny Ochoa,3,30 kg,Taiwan Coffee Laboratory 台灣咖啡研究室,2022,"November 9th, 2022"
170,Kenyan Highlands,CQU2023004,TAYLOR WINCH,,1500-1950,Kericho,Slelected small holder,13,5 kg,Japan Coffee Exchange,2022,"April 7th, 2023"
171,La Cuchilla,184,CIGRAH,13-111-056,1368,"Centro, Lagunetillas - Ajuterique, Comayagua",Fausto Nahun Maldonado,125,69 kg,Instituto Hondureño del Café,2021 / 2022,"May 23rd, 2022"
172,金暖農場,A43-Northern Taiwan Specialty Coffee Evaluation,金暖農場,,600,桃園市,何育達,1,3 kg,Taiwan Coffee Laboratory 台灣咖啡研究室,2021 / 2022,"January 6th, 2023"
173,好客農埸,A34-Northern Taiwan Specialty Coffee Evaluation,好客農埸,,460,苗栗縣,彭聰明,1,60 kg,Taiwan Coffee Laboratory 台灣咖啡研究室,2021 / 2022,"January 6th, 2023"
174,拉拉山祖嵐咖啡莊園,A50-Northern Taiwan Specialty Coffee Evaluation,拉拉山祖嵐咖啡莊園,,500,桃園市,宗素霞,1,20 kg,Taiwan Coffee Laboratory 台灣咖啡研究室,2021 / 2022,"January 6th, 2023"
175,Doi Tung Development Project,MIXED DT 21/22 (Coffea Arabica),Dry Mill,,800-1200,North of Thailand,Doi Tung Development Project,2,1 kg,FABB Academy of Coffee,2022,"July 14th, 2022"
176,San Diego Mill,S019194 - P04178,Dosmil,5-0015-0228,1500,Corralillo Tarrazu,San Diego Mill,500,30 kg,Specialty Coffee Association of Costa Rica,2018 / 2019,"March 29th, 2023"
177,Not Specificated,SA4238,Dry Mill of Exportcafe,#327,1350-1550,Oriente,"Exportcafe, S.A.",275,69 kg,Japan Coffee Exchange,2021 / 2022,"November 28th, 2022"
178,Wahana Graha Makmur,015/1686/057,PT. Wahana Graha Makmur Medan,,1350,Sumatra,PT. Wahana Graha Makmur Group,320,60 kg,NKG Quality Service (a division of Bernhard Rothfos Intercafé AG),2022,"August 22nd, 2022"
179,Fundo La Libertad,301R,Planta Callao,301R,1600,"Chanchamayo, La Merced",Sandro Crispin Espiritu,275,69 kg,Japan Coffee Exchange,2022 / 2023,"July 11th, 2022"
180,MULTIPLE SMALLHOLDER FARMS,GF-23392,MULTIPLE SMALLHOLDER FARMS,11/15/179,1200~1600,Antigua,La Minita,540,30 kg,Taiwan Coffee Laboratory 台灣咖啡研究室,2022,"November 3rd, 2022"
181,阿拉思家,A10-Northern Taiwan Specialty Coffee Evaluation,阿拉思家,,300,桃園市,李秀圓,1,6 kg,Taiwan Coffee Laboratory 台灣咖啡研究室,2021 / 2022,"January 6th, 2023"
182,Gaia Farms,221221,Hulling Facility,,5400,Lam Dong Province,Viet Coffee Company Limited,1,1 kg,Firedancer Coffee Consultants,2022 / 2023,"April 10th, 2023"
183,Sitio Colinas,CQU2023007,COCARIVE,,1000,Mantiquira de minas,Luis Flavio Pereira de Castro,14,5 kg,Japan Coffee Exchange,2022,"April 7th, 2023"
184,Fazenda Olhos Dagua,1,Owned by producer,,900-1000,Sul de Minas,Paulo Enidio Crabi,325,59 kg,Taiwan Coffee Laboratory 台灣咖啡研究室,2021,"December 30th, 2022"
185,More than one,1,Trilladora CCA Buga,,1574,Santander,More than one,275,70 kg,Taiwan Coffee Laboratory 台灣咖啡研究室,2021,"December 30th, 2022"
186,Finca San José,002,"Coatepec, Veracruz",3093,1200,"Coatepec, Veracruz",José Gerardo Gutierrez Morales,32,69 kg,Centro Agroecológico del Café A.C.,2021 / 2022,"August 11th, 2022"
187,HACIENDA SAN IGNACIO,OIC 5-019-0037/ Contenedor: DRYU3106597 / Cliente: O COFFEE,Beneficio La Giorgia,,1200,occidente,FJO ORLICH HNO LTDA,100,69 kg,Specialty Coffee Association of Costa Rica,2022 / 2023,"March 29th, 2023"
188,橫鹿,A46-Northern Taiwan Specialty Coffee Evaluation,橫鹿,,300,新北市,呂星輝,1,100 kg,Taiwan Coffee Laboratory 台灣咖啡研究室,2021 / 2022,"January 6th, 2023"
189,大屯29莊園,A38-Northern Taiwan Specialty Coffee Evaluation,大屯29莊園,,435,臺北市,侯奕瑋,1,8 kg,Taiwan Coffee Laboratory 台灣咖啡研究室,2021 / 2022,"January 6th, 2023"
190,Doi Tung Development Project,JAVA 21/22 (Coffea Arabica),Dry Mill,,1300-1500,North of Thailand,Doi Tung Development Project,2,1 kg,FABB Academy of Coffee,2022,"July 14th, 2022"
191,Doi Lan,"The 2022 Pacific Rim Coffee Summit,TH07",Miramar Coffee,,1400,Chiang Rai,Prakol Saelee,5,15 kg,Taiwan Coffee Laboratory 台灣咖啡研究室,2021,"November 15th, 2022"
192,Doi Tung Development Project,MIXED 21/22 (Coffea Arabica),Dry Mill,,600-800,North of Thailand,Doi Tung Development Project,2,1 kg,FABB Academy of Coffee,2022,"July 14th, 2022"
193,Escalera,CQU2022019,Escalera,,1300-1800,Cauca,Escalera,1,30 kg,Japan Coffee Exchange,2021 / 2022,"December 22nd, 2022"
194,Various farm,0038,Dry Mill of Cocapil,002/1738/0038,1200,Alta Mogiana-Ibiraci,Cocapil,440,60 kg,Japan Coffee Exchange,2022 / 2023,"April 17th, 2023"
195,"Rosario de Maria II, Area de Loma Alta",0623C01,"Optimum Coffee, San Salvador, El Salvador",,1400,"Volcan Chinchontepek, San Vicente, El Salvador",Roselia Yglesias,1,2 kg,Salvadoran Coffee Council,2023,"March 8th, 2023"
196,EXPORTADORA ATLANTIC S.A,017/053/0603,Lavado,,1100,,Varios Productores,275,69 kg,Japan Coffee Exchange,2021,"July 11th, 2022"
197,Sajonia Estate Coffee S.A.,1,Sajonia Estate Coffee S.A.,017/411,1000,Jinotega,Sajonia Estate Coffee S.A.,275,69 kg,Asociación de Cafés Especiales de Nicaragua,2022 / 2023,"April 20th, 2023"
198,Finca Mallorca,CQU2023001,Finca Mallorca,,1600,"Caicedonia,Valle del Cauca",Finca Mallorca,3,10 kg,Japan Coffee Exchange,2022,"March 6th, 2023"
199,Fundo La Libertad,PR137,Callao Plant,,1600,"Chanchamayo, Lamerced",Sandro Crispin Espiritu,275,69 kg,Japan Coffee Exchange,2022 / 2023,"June 10th, 2022"
200,"Rosario de Maria II, Area de Menjivar",0523B01,"Optimum Coffee, San Salvador, El Salvador",,1300,"Volcan Chinchontepek, San Vicente, El Salvador",Roselia Yglesias,1,2 kg,Salvadoran Coffee Council,2023,"March 8th, 2023"
201,Various farm,002/1738/0029,Dry mill,002/1738/0029,1200,Alta Mogiana-Ibiraci,COCAPIL,440,60 kg,Japan Coffee Exchange,2021 / 2022,"July 20th, 2022"
202,Fazenda Conquista,019/22,Dry Mill,,950,Sul de Minas,Ipanema Coffees,2240,60 kg,Brazil Specialty Coffee Association,2022 / 2023,"February 2nd, 2023"
203,Finca San Felipe,017-053-0155,Beneficio Atlantic Sébaco,017-053-0155,1200,Matagalpa,Exportadora Atlantic S.A.,300,30 kg,Asociación de Cafés Especiales de Nicaragua,2022 / 2023,"March 3rd, 2023"
204,-,105/3/VL7285-005,DRY MILL,105/3/VL7285-005,1300,Bolaven Plateau,"LAO MINH TIEN COFFEE SOLE CO.,LTD",343,60 kg,Japan Coffee Exchange,2021 / 2022,"November 11th, 2022"
205,"Rosario de Maria II, Area de La Pila",0423A01,"Optimum Coffee, San Salvador, El Salvador",,1200,"Volcan de San Vicente, La Paz, El Salvador",Roselia Yglesias,1,2 kg,Salvadoran Coffee Council,2023,"March 8th, 2023"
206,Walter Matter,1058 y 1059,Beneficio humedo/seco,002/1208/1016,850-1100,Minas Gerais,Walter Matter,600,60 kg,Centro Agroecológico del Café A.C.,2021 / 2022,"November 18th, 2022"
